method,query_id,query_type,positive_page_ids,candidate_universe,rank,page_id,score
bm25,manual-c-p01-q01,table,manual-c-p01,evaluated_split_pages,1,manual-c-p01,0.417554935706
bm25,manual-c-p01-q01,table,manual-c-p01,evaluated_split_pages,2,manual-c-p04,0.393054889092
bm25,manual-c-p01-q01,table,manual-c-p01,evaluated_split_pages,3,manual-c-p05,0.393054889092
bm25,manual-c-p01-q01,table,manual-c-p01,evaluated_split_pages,4,manual-c-p02,0.391279610188
bm25,manual-c-p01-q01,table,manual-c-p01,evaluated_split_pages,5,manual-c-p03,0.391279610188
bm25,manual-c-p01-q01,table,manual-c-p01,evaluated_split_pages,6,manual-c-p06,0.391279610188
bm25,manual-c-p01-q01,table,manual-c-p01,evaluated_split_pages,7,manual-c-p07,0.391279610188
bm25,manual-c-p01-q01,table,manual-c-p01,evaluated_split_pages,8,manual-c-p08,0.391279610188
bm25,manual-c-p01-q02,text,manual-c-p01,evaluated_split_pages,1,manual-c-p01,0.676674159059
bm25,manual-c-p01-q02,text,manual-c-p01,evaluated_split_pages,2,manual-c-p04,0.603174019218
bm25,manual-c-p01-q02,text,manual-c-p01,evaluated_split_pages,3,manual-c-p05,0.603174019218
bm25,manual-c-p01-q02,text,manual-c-p01,evaluated_split_pages,4,manual-c-p02,0.600538916373
bm25,manual-c-p01-q02,text,manual-c-p01,evaluated_split_pages,5,manual-c-p03,0.600538916373
bm25,manual-c-p01-q02,text,manual-c-p01,evaluated_split_pages,6,manual-c-p06,0.600538916373
bm25,manual-c-p01-q02,text,manual-c-p01,evaluated_split_pages,7,manual-c-p07,0.600538916373
bm25,manual-c-p01-q02,text,manual-c-p01,evaluated_split_pages,8,manual-c-p08,0.600538916373
bm25,manual-c-p01-q03,layout,manual-c-p01,evaluated_split_pages,1,manual-c-p01,0.848701556991
bm25,manual-c-p01-q03,layout,manual-c-p01,evaluated_split_pages,2,manual-c-p06,0.796178721467
bm25,manual-c-p01-q03,layout,manual-c-p01,evaluated_split_pages,3,manual-c-p04,0.77520141715
bm25,manual-c-p01-q03,layout,manual-c-p01,evaluated_split_pages,4,manual-c-p05,0.77520141715
bm25,manual-c-p01-q03,layout,manual-c-p01,evaluated_split_pages,5,manual-c-p02,0.771684562141
bm25,manual-c-p01-q03,layout,manual-c-p01,evaluated_split_pages,6,manual-c-p03,0.771684562141
bm25,manual-c-p01-q03,layout,manual-c-p01,evaluated_split_pages,7,manual-c-p07,0.771684562141
bm25,manual-c-p01-q03,layout,manual-c-p01,evaluated_split_pages,8,manual-c-p08,0.771684562141
bm25,manual-c-p02-q01,figure,manual-c-p02,evaluated_split_pages,1,manual-c-p02,3.85381350305
bm25,manual-c-p02-q01,figure,manual-c-p02,evaluated_split_pages,2,manual-c-p01,0.253869910524
bm25,manual-c-p02-q01,figure,manual-c-p02,evaluated_split_pages,3,manual-c-p04,0.253869910524
bm25,manual-c-p02-q01,figure,manual-c-p02,evaluated_split_pages,4,manual-c-p05,0.253869910524
bm25,manual-c-p02-q01,figure,manual-c-p02,evaluated_split_pages,5,manual-c-p03,0.252688353684
bm25,manual-c-p02-q01,figure,manual-c-p02,evaluated_split_pages,6,manual-c-p06,0.252688353684
bm25,manual-c-p02-q01,figure,manual-c-p02,evaluated_split_pages,7,manual-c-p07,0.252688353684
bm25,manual-c-p02-q01,figure,manual-c-p02,evaluated_split_pages,8,manual-c-p08,0.252688353684
bm25,manual-c-p02-q02,text,manual-c-p02,evaluated_split_pages,1,manual-c-p02,4.14461551715
bm25,manual-c-p02-q02,text,manual-c-p02,evaluated_split_pages,2,manual-c-p01,0.570331599854
bm25,manual-c-p02-q02,text,manual-c-p02,evaluated_split_pages,3,manual-c-p04,0.54583155324
bm25,manual-c-p02-q02,text,manual-c-p02,evaluated_split_pages,4,manual-c-p05,0.54583155324
bm25,manual-c-p02-q02,text,manual-c-p02,evaluated_split_pages,5,manual-c-p03,0.543490367783
bm25,manual-c-p02-q02,text,manual-c-p02,evaluated_split_pages,6,manual-c-p06,0.543490367783
bm25,manual-c-p02-q02,text,manual-c-p02,evaluated_split_pages,7,manual-c-p07,0.543490367783
bm25,manual-c-p02-q02,text,manual-c-p02,evaluated_split_pages,8,manual-c-p08,0.543490367783
bm25,manual-c-p02-q03,ocr_failure,manual-c-p02,evaluated_split_pages,1,manual-c-p07,4.01964376174
bm25,manual-c-p02-q03,ocr_failure,manual-c-p02,evaluated_split_pages,2,manual-c-p01,0.444738306864
bm25,manual-c-p02-q03,ocr_failure,manual-c-p02,evaluated_split_pages,3,manual-c-p04,0.444738306864
bm25,manual-c-p02-q03,ocr_failure,manual-c-p02,evaluated_split_pages,4,manual-c-p05,0.444738306864
bm25,manual-c-p02-q03,ocr_failure,manual-c-p02,evaluated_split_pages,5,manual-c-p02,0.443012771695
bm25,manual-c-p02-q03,ocr_failure,manual-c-p02,evaluated_split_pages,6,manual-c-p03,0.443012771695
bm25,manual-c-p02-q03,ocr_failure,manual-c-p02,evaluated_split_pages,7,manual-c-p06,0.443012771695
bm25,manual-c-p02-q03,ocr_failure,manual-c-p02,evaluated_split_pages,8,manual-c-p08,0.443012771695
bm25,manual-c-p03-q01,layout,manual-c-p03,evaluated_split_pages,1,manual-c-p03,6.02253395003
bm25,manual-c-p03-q01,layout,manual-c-p03,evaluated_split_pages,2,manual-c-p01,0.685016531809
bm25,manual-c-p03-q01,layout,manual-c-p03,evaluated_split_pages,3,manual-c-p06,0.682081624288
bm25,manual-c-p03-q01,layout,manual-c-p03,evaluated_split_pages,4,manual-c-p04,0.660516485195
bm25,manual-c-p03-q01,layout,manual-c-p03,evaluated_split_pages,5,manual-c-p05,0.660516485195
bm25,manual-c-p03-q01,layout,manual-c-p03,evaluated_split_pages,6,manual-c-p02,0.657587464962
bm25,manual-c-p03-q01,layout,manual-c-p03,evaluated_split_pages,7,manual-c-p07,0.657587464962
bm25,manual-c-p03-q01,layout,manual-c-p03,evaluated_split_pages,8,manual-c-p08,0.657587464962
bm25,manual-c-p03-q02,text,manual-c-p03,evaluated_split_pages,1,manual-c-p03,5.85138830426
bm25,manual-c-p03-q02,text,manual-c-p03,evaluated_split_pages,2,manual-c-p01,0.512989133876
bm25,manual-c-p03-q02,text,manual-c-p03,evaluated_split_pages,3,manual-c-p04,0.488489087263
bm25,manual-c-p03-q02,text,manual-c-p03,evaluated_split_pages,4,manual-c-p05,0.488489087263
bm25,manual-c-p03-q02,text,manual-c-p03,evaluated_split_pages,5,manual-c-p02,0.486441819194
bm25,manual-c-p03-q02,text,manual-c-p03,evaluated_split_pages,6,manual-c-p06,0.486441819194
bm25,manual-c-p03-q02,text,manual-c-p03,evaluated_split_pages,7,manual-c-p07,0.486441819194
bm25,manual-c-p03-q02,text,manual-c-p03,evaluated_split_pages,8,manual-c-p08,0.486441819194
bm25,manual-c-p03-q03,figure,manual-c-p03,evaluated_split_pages,1,manual-c-p02,2.06549800803
bm25,manual-c-p03-q03,figure,manual-c-p03,evaluated_split_pages,2,manual-c-p03,2.04100384871
bm25,manual-c-p03-q03,figure,manual-c-p03,evaluated_split_pages,3,manual-c-p01,0.253869910524
bm25,manual-c-p03-q03,figure,manual-c-p03,evaluated_split_pages,4,manual-c-p04,0.253869910524
bm25,manual-c-p03-q03,figure,manual-c-p03,evaluated_split_pages,5,manual-c-p05,0.253869910524
bm25,manual-c-p03-q03,figure,manual-c-p03,evaluated_split_pages,6,manual-c-p06,0.252688353684
bm25,manual-c-p03-q03,figure,manual-c-p03,evaluated_split_pages,7,manual-c-p07,0.252688353684
bm25,manual-c-p03-q03,figure,manual-c-p03,evaluated_split_pages,8,manual-c-p08,0.252688353684
bm25,manual-c-p04-q01,text,manual-c-p04,evaluated_split_pages,1,manual-c-p04,4.14088955089
bm25,manual-c-p04-q01,text,manual-c-p04,evaluated_split_pages,2,manual-c-p01,0.570331599854
bm25,manual-c-p04-q01,text,manual-c-p04,evaluated_split_pages,3,manual-c-p05,0.54583155324
bm25,manual-c-p04-q01,text,manual-c-p04,evaluated_split_pages,4,manual-c-p02,0.543490367783
bm25,manual-c-p04-q01,text,manual-c-p04,evaluated_split_pages,5,manual-c-p03,0.543490367783
bm25,manual-c-p04-q01,text,manual-c-p04,evaluated_split_pages,6,manual-c-p06,0.543490367783
bm25,manual-c-p04-q01,text,manual-c-p04,evaluated_split_pages,7,manual-c-p07,0.543490367783
bm25,manual-c-p04-q01,text,manual-c-p04,evaluated_split_pages,8,manual-c-p08,0.543490367783
bm25,manual-c-p04-q02,table,manual-c-p04,evaluated_split_pages,1,manual-c-p01,2.15774146855
bm25,manual-c-p04-q02,table,manual-c-p04,evaluated_split_pages,2,manual-c-p04,0.335712423115
bm25,manual-c-p04-q02,table,manual-c-p04,evaluated_split_pages,3,manual-c-p05,0.335712423115
bm25,manual-c-p04-q02,table,manual-c-p04,evaluated_split_pages,4,manual-c-p02,0.334231061599
bm25,manual-c-p04-q02,table,manual-c-p04,evaluated_split_pages,5,manual-c-p03,0.334231061599
bm25,manual-c-p04-q02,table,manual-c-p04,evaluated_split_pages,6,manual-c-p06,0.334231061599
bm25,manual-c-p04-q02,table,manual-c-p04,evaluated_split_pages,7,manual-c-p07,0.334231061599
bm25,manual-c-p04-q02,table,manual-c-p04,evaluated_split_pages,8,manual-c-p08,0.334231061599
bm25,manual-c-p04-q03,layout,manual-c-p04,evaluated_split_pages,1,manual-c-p04,4.25557448285
bm25,manual-c-p04-q03,layout,manual-c-p04,evaluated_split_pages,2,manual-c-p01,0.685016531809
bm25,manual-c-p04-q03,layout,manual-c-p04,evaluated_split_pages,3,manual-c-p06,0.682081624288
bm25,manual-c-p04-q03,layout,manual-c-p04,evaluated_split_pages,4,manual-c-p05,0.660516485195
bm25,manual-c-p04-q03,layout,manual-c-p04,evaluated_split_pages,5,manual-c-p02,0.657587464962
bm25,manual-c-p04-q03,layout,manual-c-p04,evaluated_split_pages,6,manual-c-p03,0.657587464962
bm25,manual-c-p04-q03,layout,manual-c-p04,evaluated_split_pages,7,manual-c-p07,0.657587464962
bm25,manual-c-p04-q03,layout,manual-c-p04,evaluated_split_pages,8,manual-c-p08,0.657587464962
bm25,manual-c-p05-q01,text,manual-c-p05,evaluated_split_pages,1,manual-c-p05,4.14088955089
bm25,manual-c-p05-q01,text,manual-c-p05,evaluated_split_pages,2,manual-c-p01,0.570331599854
bm25,manual-c-p05-q01,text,manual-c-p05,evaluated_split_pages,3,manual-c-p04,0.54583155324
bm25,manual-c-p05-q01,text,manual-c-p05,evaluated_split_pages,4,manual-c-p02,0.543490367783
bm25,manual-c-p05-q01,text,manual-c-p05,evaluated_split_pages,5,manual-c-p03,0.543490367783
bm25,manual-c-p05-q01,text,manual-c-p05,evaluated_split_pages,6,manual-c-p06,0.543490367783
bm25,manual-c-p05-q01,text,manual-c-p05,evaluated_split_pages,7,manual-c-p07,0.543490367783
bm25,manual-c-p05-q01,text,manual-c-p05,evaluated_split_pages,8,manual-c-p08,0.543490367783
bm25,manual-c-p05-q02,table,manual-c-p05,evaluated_split_pages,1,manual-c-p02,2.12254655662
bm25,manual-c-p05-q02,table,manual-c-p05,evaluated_split_pages,2,manual-c-p01,0.360212469728
bm25,manual-c-p05-q02,table,manual-c-p05,evaluated_split_pages,3,manual-c-p04,0.335712423115
bm25,manual-c-p05-q02,table,manual-c-p05,evaluated_split_pages,4,manual-c-p05,0.335712423115
bm25,manual-c-p05-q02,table,manual-c-p05,evaluated_split_pages,5,manual-c-p03,0.334231061599
bm25,manual-c-p05-q02,table,manual-c-p05,evaluated_split_pages,6,manual-c-p06,0.334231061599
bm25,manual-c-p05-q02,table,manual-c-p05,evaluated_split_pages,7,manual-c-p07,0.334231061599
bm25,manual-c-p05-q02,table,manual-c-p05,evaluated_split_pages,8,manual-c-p08,0.334231061599
bm25,manual-c-p05-q03,ocr_failure,manual-c-p05,evaluated_split_pages,1,manual-c-p07,4.01964376174
bm25,manual-c-p05-q03,ocr_failure,manual-c-p05,evaluated_split_pages,2,manual-c-p01,0.444738306864
bm25,manual-c-p05-q03,ocr_failure,manual-c-p05,evaluated_split_pages,3,manual-c-p04,0.444738306864
bm25,manual-c-p05-q03,ocr_failure,manual-c-p05,evaluated_split_pages,4,manual-c-p05,0.444738306864
bm25,manual-c-p05-q03,ocr_failure,manual-c-p05,evaluated_split_pages,5,manual-c-p02,0.443012771695
bm25,manual-c-p05-q03,ocr_failure,manual-c-p05,evaluated_split_pages,6,manual-c-p03,0.443012771695
bm25,manual-c-p05-q03,ocr_failure,manual-c-p05,evaluated_split_pages,7,manual-c-p06,0.443012771695
bm25,manual-c-p05-q03,ocr_failure,manual-c-p05,evaluated_split_pages,8,manual-c-p08,0.443012771695
bm25,manual-c-p06-q01,layout,manual-c-p06,evaluated_split_pages,1,manual-c-p06,2.63348253514
bm25,manual-c-p06-q01,layout,manual-c-p06,evaluated_split_pages,2,manual-c-p01,0.799701463764
bm25,manual-c-p06-q01,layout,manual-c-p06,evaluated_split_pages,3,manual-c-p04,0.77520141715
bm25,manual-c-p06-q01,layout,manual-c-p06,evaluated_split_pages,4,manual-c-p05,0.77520141715
bm25,manual-c-p06-q01,layout,manual-c-p06,evaluated_split_pages,5,manual-c-p02,0.771684562141
bm25,manual-c-p06-q01,layout,manual-c-p06,evaluated_split_pages,6,manual-c-p03,0.771684562141
bm25,manual-c-p06-q01,layout,manual-c-p06,evaluated_split_pages,7,manual-c-p07,0.771684562141
bm25,manual-c-p06-q01,layout,manual-c-p06,evaluated_split_pages,8,manual-c-p08,0.771684562141
bm25,manual-c-p06-q02,figure,manual-c-p06,evaluated_split_pages,1,manual-c-p02,2.06549800803
bm25,manual-c-p06-q02,figure,manual-c-p06,evaluated_split_pages,2,manual-c-p06,2.04100384871
bm25,manual-c-p06-q02,figure,manual-c-p06,evaluated_split_pages,3,manual-c-p01,0.253869910524
bm25,manual-c-p06-q02,figure,manual-c-p06,evaluated_split_pages,4,manual-c-p04,0.253869910524
bm25,manual-c-p06-q02,figure,manual-c-p06,evaluated_split_pages,5,manual-c-p05,0.253869910524
bm25,manual-c-p06-q02,figure,manual-c-p06,evaluated_split_pages,6,manual-c-p03,0.252688353684
bm25,manual-c-p06-q02,figure,manual-c-p06,evaluated_split_pages,7,manual-c-p07,0.252688353684
bm25,manual-c-p06-q02,figure,manual-c-p06,evaluated_split_pages,8,manual-c-p08,0.252688353684
bm25,manual-c-p06-q03,text,manual-c-p06,evaluated_split_pages,1,manual-c-p06,2.43784273005
bm25,manual-c-p06-q03,text,manual-c-p06,evaluated_split_pages,2,manual-c-p01,0.627674065831
bm25,manual-c-p06-q03,text,manual-c-p06,evaluated_split_pages,3,manual-c-p04,0.603174019218
bm25,manual-c-p06-q03,text,manual-c-p06,evaluated_split_pages,4,manual-c-p05,0.603174019218
bm25,manual-c-p06-q03,text,manual-c-p06,evaluated_split_pages,5,manual-c-p02,0.600538916373
bm25,manual-c-p06-q03,text,manual-c-p06,evaluated_split_pages,6,manual-c-p03,0.600538916373
bm25,manual-c-p06-q03,text,manual-c-p06,evaluated_split_pages,7,manual-c-p07,0.600538916373
bm25,manual-c-p06-q03,text,manual-c-p06,evaluated_split_pages,8,manual-c-p08,0.600538916373
bm25,manual-c-p07-q01,ocr_failure,manual-c-p07,evaluated_split_pages,1,manual-c-p07,4.01964376174
bm25,manual-c-p07-q01,ocr_failure,manual-c-p07,evaluated_split_pages,2,manual-c-p01,0.444738306864
bm25,manual-c-p07-q01,ocr_failure,manual-c-p07,evaluated_split_pages,3,manual-c-p04,0.444738306864
bm25,manual-c-p07-q01,ocr_failure,manual-c-p07,evaluated_split_pages,4,manual-c-p05,0.444738306864
bm25,manual-c-p07-q01,ocr_failure,manual-c-p07,evaluated_split_pages,5,manual-c-p02,0.443012771695
bm25,manual-c-p07-q01,ocr_failure,manual-c-p07,evaluated_split_pages,6,manual-c-p03,0.443012771695
bm25,manual-c-p07-q01,ocr_failure,manual-c-p07,evaluated_split_pages,7,manual-c-p06,0.443012771695
bm25,manual-c-p07-q01,ocr_failure,manual-c-p07,evaluated_split_pages,8,manual-c-p08,0.443012771695
bm25,manual-c-p07-q02,text,manual-c-p07,evaluated_split_pages,1,manual-c-p07,5.85138830426
bm25,manual-c-p07-q02,text,manual-c-p07,evaluated_split_pages,2,manual-c-p01,0.512989133876
bm25,manual-c-p07-q02,text,manual-c-p07,evaluated_split_pages,3,manual-c-p04,0.488489087263
bm25,manual-c-p07-q02,text,manual-c-p07,evaluated_split_pages,4,manual-c-p05,0.488489087263
bm25,manual-c-p07-q02,text,manual-c-p07,evaluated_split_pages,5,manual-c-p02,0.486441819194
bm25,manual-c-p07-q02,text,manual-c-p07,evaluated_split_pages,6,manual-c-p03,0.486441819194
bm25,manual-c-p07-q02,text,manual-c-p07,evaluated_split_pages,7,manual-c-p06,0.486441819194
bm25,manual-c-p07-q02,text,manual-c-p07,evaluated_split_pages,8,manual-c-p08,0.486441819194
bm25,manual-c-p07-q03,layout,manual-c-p07,evaluated_split_pages,1,manual-c-p07,6.02253395003
bm25,manual-c-p07-q03,layout,manual-c-p07,evaluated_split_pages,2,manual-c-p01,0.685016531809
bm25,manual-c-p07-q03,layout,manual-c-p07,evaluated_split_pages,3,manual-c-p06,0.682081624288
bm25,manual-c-p07-q03,layout,manual-c-p07,evaluated_split_pages,4,manual-c-p04,0.660516485195
bm25,manual-c-p07-q03,layout,manual-c-p07,evaluated_split_pages,5,manual-c-p05,0.660516485195
bm25,manual-c-p07-q03,layout,manual-c-p07,evaluated_split_pages,6,manual-c-p02,0.657587464962
bm25,manual-c-p07-q03,layout,manual-c-p07,evaluated_split_pages,7,manual-c-p03,0.657587464962
bm25,manual-c-p07-q03,layout,manual-c-p07,evaluated_split_pages,8,manual-c-p08,0.657587464962
bm25,manual-c-p08-q01,text,manual-c-p08,evaluated_split_pages,1,manual-c-p08,4.20166406574
bm25,manual-c-p08-q01,text,manual-c-p08,evaluated_split_pages,2,manual-c-p01,0.627674065831
bm25,manual-c-p08-q01,text,manual-c-p08,evaluated_split_pages,3,manual-c-p04,0.603174019218
bm25,manual-c-p08-q01,text,manual-c-p08,evaluated_split_pages,4,manual-c-p05,0.603174019218
bm25,manual-c-p08-q01,text,manual-c-p08,evaluated_split_pages,5,manual-c-p02,0.600538916373
bm25,manual-c-p08-q01,text,manual-c-p08,evaluated_split_pages,6,manual-c-p03,0.600538916373
bm25,manual-c-p08-q01,text,manual-c-p08,evaluated_split_pages,7,manual-c-p06,0.600538916373
bm25,manual-c-p08-q01,text,manual-c-p08,evaluated_split_pages,8,manual-c-p07,0.600538916373
bm25,manual-c-p08-q02,ocr_failure,manual-c-p08,evaluated_split_pages,1,manual-c-p07,4.01964376174
bm25,manual-c-p08-q02,ocr_failure,manual-c-p08,evaluated_split_pages,2,manual-c-p01,0.444738306864
bm25,manual-c-p08-q02,ocr_failure,manual-c-p08,evaluated_split_pages,3,manual-c-p04,0.444738306864
bm25,manual-c-p08-q02,ocr_failure,manual-c-p08,evaluated_split_pages,4,manual-c-p05,0.444738306864
bm25,manual-c-p08-q02,ocr_failure,manual-c-p08,evaluated_split_pages,5,manual-c-p02,0.443012771695
bm25,manual-c-p08-q02,ocr_failure,manual-c-p08,evaluated_split_pages,6,manual-c-p03,0.443012771695
bm25,manual-c-p08-q02,ocr_failure,manual-c-p08,evaluated_split_pages,7,manual-c-p06,0.443012771695
bm25,manual-c-p08-q02,ocr_failure,manual-c-p08,evaluated_split_pages,8,manual-c-p08,0.443012771695
bm25,manual-c-p08-q03,table,manual-c-p08,evaluated_split_pages,1,manual-c-p05,2.13324142194
bm25,manual-c-p08-q03,table,manual-c-p08,evaluated_split_pages,2,manual-c-p01,0.360212469728
bm25,manual-c-p08-q03,table,manual-c-p08,evaluated_split_pages,3,manual-c-p04,0.335712423115
bm25,manual-c-p08-q03,table,manual-c-p08,evaluated_split_pages,4,manual-c-p02,0.334231061599
bm25,manual-c-p08-q03,table,manual-c-p08,evaluated_split_pages,5,manual-c-p03,0.334231061599
bm25,manual-c-p08-q03,table,manual-c-p08,evaluated_split_pages,6,manual-c-p06,0.334231061599
bm25,manual-c-p08-q03,table,manual-c-p08,evaluated_split_pages,7,manual-c-p07,0.334231061599
bm25,manual-c-p08-q03,table,manual-c-p08,evaluated_split_pages,8,manual-c-p08,0.334231061599
bm25_lexical_rrf,manual-c-p01-q01,table,manual-c-p01,evaluated_split_pages,1,manual-c-p01,0.0327868852459
bm25_lexical_rrf,manual-c-p01-q01,table,manual-c-p01,evaluated_split_pages,2,manual-c-p04,0.0322580645161
bm25_lexical_rrf,manual-c-p01-q01,table,manual-c-p01,evaluated_split_pages,3,manual-c-p05,0.031746031746
bm25_lexical_rrf,manual-c-p01-q01,table,manual-c-p01,evaluated_split_pages,4,manual-c-p03,0.0310096153846
bm25_lexical_rrf,manual-c-p01-q01,table,manual-c-p01,evaluated_split_pages,5,manual-c-p02,0.0307765151515
bm25_lexical_rrf,manual-c-p01-q01,table,manual-c-p01,evaluated_split_pages,6,manual-c-p07,0.0303099885189
bm25_lexical_rrf,manual-c-p01-q01,table,manual-c-p01,evaluated_split_pages,7,manual-c-p06,0.0298573975045
bm25_lexical_rrf,manual-c-p01-q01,table,manual-c-p01,evaluated_split_pages,8,manual-c-p08,0.0296312554873
bm25_lexical_rrf,manual-c-p01-q02,text,manual-c-p01,evaluated_split_pages,1,manual-c-p01,0.0327868852459
bm25_lexical_rrf,manual-c-p01-q02,text,manual-c-p01,evaluated_split_pages,2,manual-c-p04,0.0322580645161
bm25_lexical_rrf,manual-c-p01-q02,text,manual-c-p01,evaluated_split_pages,3,manual-c-p05,0.031746031746
bm25_lexical_rrf,manual-c-p01-q02,text,manual-c-p01,evaluated_split_pages,4,manual-c-p03,0.0310096153846
bm25_lexical_rrf,manual-c-p01-q02,text,manual-c-p01,evaluated_split_pages,5,manual-c-p02,0.0307765151515
bm25_lexical_rrf,manual-c-p01-q02,text,manual-c-p01,evaluated_split_pages,6,manual-c-p07,0.0303099885189
bm25_lexical_rrf,manual-c-p01-q02,text,manual-c-p01,evaluated_split_pages,7,manual-c-p06,0.0298573975045
bm25_lexical_rrf,manual-c-p01-q02,text,manual-c-p01,evaluated_split_pages,8,manual-c-p08,0.0296312554873
bm25_lexical_rrf,manual-c-p01-q03,layout,manual-c-p01,evaluated_split_pages,1,manual-c-p01,0.0327868852459
bm25_lexical_rrf,manual-c-p01-q03,layout,manual-c-p01,evaluated_split_pages,2,manual-c-p06,0.0322580645161
bm25_lexical_rrf,manual-c-p01-q03,layout,manual-c-p01,evaluated_split_pages,3,manual-c-p04,0.031746031746
bm25_lexical_rrf,manual-c-p01-q03,layout,manual-c-p01,evaluated_split_pages,4,manual-c-p05,0.03125
bm25_lexical_rrf,manual-c-p01-q03,layout,manual-c-p01,evaluated_split_pages,5,manual-c-p03,0.0305361305361
bm25_lexical_rrf,manual-c-p01-q03,layout,manual-c-p01,evaluated_split_pages,6,manual-c-p02,0.0303099885189
bm25_lexical_rrf,manual-c-p01-q03,layout,manual-c-p01,evaluated_split_pages,7,manual-c-p07,0.0300768882858
bm25_lexical_rrf,manual-c-p01-q03,layout,manual-c-p01,evaluated_split_pages,8,manual-c-p08,0.0294117647059
bm25_lexical_rrf,manual-c-p02-q01,figure,manual-c-p02,evaluated_split_pages,1,manual-c-p02,0.0327868852459
bm25_lexical_rrf,manual-c-p02-q01,figure,manual-c-p02,evaluated_split_pages,2,manual-c-p04,0.0320020481311
bm25_lexical_rrf,manual-c-p02-q01,figure,manual-c-p02,evaluated_split_pages,3,manual-c-p05,0.031498015873
bm25_lexical_rrf,manual-c-p02-q01,figure,manual-c-p02,evaluated_split_pages,4,manual-c-p01,0.0310544053924
bm25_lexical_rrf,manual-c-p02-q01,figure,manual-c-p02,evaluated_split_pages,5,manual-c-p03,0.0310096153846
bm25_lexical_rrf,manual-c-p02-q01,figure,manual-c-p02,evaluated_split_pages,6,manual-c-p07,0.0303099885189
bm25_lexical_rrf,manual-c-p02-q01,figure,manual-c-p02,evaluated_split_pages,7,manual-c-p06,0.0298573975045
bm25_lexical_rrf,manual-c-p02-q01,figure,manual-c-p02,evaluated_split_pages,8,manual-c-p08,0.0298573975045
bm25_lexical_rrf,manual-c-p02-q02,text,manual-c-p02,evaluated_split_pages,1,manual-c-p02,0.0327868852459
bm25_lexical_rrf,manual-c-p02-q02,text,manual-c-p02,evaluated_split_pages,2,manual-c-p01,0.0322580645161
bm25_lexical_rrf,manual-c-p02-q02,text,manual-c-p02,evaluated_split_pages,3,manual-c-p04,0.031746031746
bm25_lexical_rrf,manual-c-p02-q02,text,manual-c-p02,evaluated_split_pages,4,manual-c-p05,0.03125
bm25_lexical_rrf,manual-c-p02-q02,text,manual-c-p02,evaluated_split_pages,5,manual-c-p03,0.0307692307692
bm25_lexical_rrf,manual-c-p02-q02,text,manual-c-p02,evaluated_split_pages,6,manual-c-p07,0.0300768882858
bm25_lexical_rrf,manual-c-p02-q02,text,manual-c-p02,evaluated_split_pages,7,manual-c-p06,0.0298573975045
bm25_lexical_rrf,manual-c-p02-q02,text,manual-c-p02,evaluated_split_pages,8,manual-c-p08,0.0296312554873
bm25_lexical_rrf,manual-c-p02-q03,ocr_failure,manual-c-p02,evaluated_split_pages,1,manual-c-p07,0.0327868852459
bm25_lexical_rrf,manual-c-p02-q03,ocr_failure,manual-c-p02,evaluated_split_pages,2,manual-c-p04,0.0320020481311
bm25_lexical_rrf,manual-c-p02-q03,ocr_failure,manual-c-p02,evaluated_split_pages,3,manual-c-p05,0.031498015873
bm25_lexical_rrf,manual-c-p02-q03,ocr_failure,manual-c-p02,evaluated_split_pages,4,manual-c-p01,0.0310544053924
bm25_lexical_rrf,manual-c-p02-q03,ocr_failure,manual-c-p02,evaluated_split_pages,5,manual-c-p03,0.0307765151515
bm25_lexical_rrf,manual-c-p02-q03,ocr_failure,manual-c-p02,evaluated_split_pages,6,manual-c-p02,0.0307692307692
bm25_lexical_rrf,manual-c-p02-q03,ocr_failure,manual-c-p02,evaluated_split_pages,7,manual-c-p08,0.0298573975045
bm25_lexical_rrf,manual-c-p02-q03,ocr_failure,manual-c-p02,evaluated_split_pages,8,manual-c-p06,0.0296312554873
bm25_lexical_rrf,manual-c-p03-q01,layout,manual-c-p03,evaluated_split_pages,1,manual-c-p03,0.0327868852459
bm25_lexical_rrf,manual-c-p03-q01,layout,manual-c-p03,evaluated_split_pages,2,manual-c-p01,0.0322580645161
bm25_lexical_rrf,manual-c-p03-q01,layout,manual-c-p03,evaluated_split_pages,3,manual-c-p06,0.031746031746
bm25_lexical_rrf,manual-c-p03-q01,layout,manual-c-p03,evaluated_split_pages,4,manual-c-p04,0.03125
bm25_lexical_rrf,manual-c-p03-q01,layout,manual-c-p03,evaluated_split_pages,5,manual-c-p05,0.0307692307692
bm25_lexical_rrf,manual-c-p03-q01,layout,manual-c-p03,evaluated_split_pages,6,manual-c-p02,0.0300768882858
bm25_lexical_rrf,manual-c-p03-q01,layout,manual-c-p03,evaluated_split_pages,7,manual-c-p07,0.0300768882858
bm25_lexical_rrf,manual-c-p03-q01,layout,manual-c-p03,evaluated_split_pages,8,manual-c-p08,0.0294117647059
bm25_lexical_rrf,manual-c-p03-q02,text,manual-c-p03,evaluated_split_pages,1,manual-c-p03,0.0327868852459
bm25_lexical_rrf,manual-c-p03-q02,text,manual-c-p03,evaluated_split_pages,2,manual-c-p01,0.0322580645161
bm25_lexical_rrf,manual-c-p03-q02,text,manual-c-p03,evaluated_split_pages,3,manual-c-p04,0.031746031746
bm25_lexical_rrf,manual-c-p03-q02,text,manual-c-p03,evaluated_split_pages,4,manual-c-p05,0.03125
bm25_lexical_rrf,manual-c-p03-q02,text,manual-c-p03,evaluated_split_pages,5,manual-c-p02,0.0305361305361
bm25_lexical_rrf,manual-c-p03-q02,text,manual-c-p03,evaluated_split_pages,6,manual-c-p07,0.0303099885189
bm25_lexical_rrf,manual-c-p03-q02,text,manual-c-p03,evaluated_split_pages,7,manual-c-p06,0.0298573975045
bm25_lexical_rrf,manual-c-p03-q02,text,manual-c-p03,evaluated_split_pages,8,manual-c-p08,0.0296312554873
bm25_lexical_rrf,manual-c-p03-q03,figure,manual-c-p03,evaluated_split_pages,1,manual-c-p02,0.0327868852459
bm25_lexical_rrf,manual-c-p03-q03,figure,manual-c-p03,evaluated_split_pages,2,manual-c-p03,0.0322580645161
bm25_lexical_rrf,manual-c-p03-q03,figure,manual-c-p03,evaluated_split_pages,3,manual-c-p04,0.031498015873
bm25_lexical_rrf,manual-c-p03-q03,figure,manual-c-p03,evaluated_split_pages,4,manual-c-p05,0.0310096153846
bm25_lexical_rrf,manual-c-p03-q03,figure,manual-c-p03,evaluated_split_pages,5,manual-c-p01,0.0307983890073
bm25_lexical_rrf,manual-c-p03-q03,figure,manual-c-p03,evaluated_split_pages,6,manual-c-p07,0.0303099885189
bm25_lexical_rrf,manual-c-p03-q03,figure,manual-c-p03,evaluated_split_pages,7,manual-c-p06,0.0298573975045
bm25_lexical_rrf,manual-c-p03-q03,figure,manual-c-p03,evaluated_split_pages,8,manual-c-p08,0.0298573975045
bm25_lexical_rrf,manual-c-p04-q01,text,manual-c-p04,evaluated_split_pages,1,manual-c-p04,0.0327868852459
bm25_lexical_rrf,manual-c-p04-q01,text,manual-c-p04,evaluated_split_pages,2,manual-c-p01,0.0322580645161
bm25_lexical_rrf,manual-c-p04-q01,text,manual-c-p04,evaluated_split_pages,3,manual-c-p05,0.031746031746
bm25_lexical_rrf,manual-c-p04-q01,text,manual-c-p04,evaluated_split_pages,4,manual-c-p03,0.0310096153846
bm25_lexical_rrf,manual-c-p04-q01,text,manual-c-p04,evaluated_split_pages,5,manual-c-p02,0.0307765151515
bm25_lexical_rrf,manual-c-p04-q01,text,manual-c-p04,evaluated_split_pages,6,manual-c-p07,0.0303099885189
bm25_lexical_rrf,manual-c-p04-q01,text,manual-c-p04,evaluated_split_pages,7,manual-c-p06,0.0298573975045
bm25_lexical_rrf,manual-c-p04-q01,text,manual-c-p04,evaluated_split_pages,8,manual-c-p08,0.0296312554873
bm25_lexical_rrf,manual-c-p04-q02,table,manual-c-p04,evaluated_split_pages,1,manual-c-p01,0.0327868852459
bm25_lexical_rrf,manual-c-p04-q02,table,manual-c-p04,evaluated_split_pages,2,manual-c-p04,0.0322580645161
bm25_lexical_rrf,manual-c-p04-q02,table,manual-c-p04,evaluated_split_pages,3,manual-c-p05,0.031746031746
bm25_lexical_rrf,manual-c-p04-q02,table,manual-c-p04,evaluated_split_pages,4,manual-c-p03,0.0310096153846
bm25_lexical_rrf,manual-c-p04-q02,table,manual-c-p04,evaluated_split_pages,5,manual-c-p02,0.0307765151515
bm25_lexical_rrf,manual-c-p04-q02,table,manual-c-p04,evaluated_split_pages,6,manual-c-p07,0.0303099885189
bm25_lexical_rrf,manual-c-p04-q02,table,manual-c-p04,evaluated_split_pages,7,manual-c-p06,0.0298573975045
bm25_lexical_rrf,manual-c-p04-q02,table,manual-c-p04,evaluated_split_pages,8,manual-c-p08,0.0296312554873
bm25_lexical_rrf,manual-c-p04-q03,layout,manual-c-p04,evaluated_split_pages,1,manual-c-p04,0.0327868852459
bm25_lexical_rrf,manual-c-p04-q03,layout,manual-c-p04,evaluated_split_pages,2,manual-c-p01,0.0322580645161
bm25_lexical_rrf,manual-c-p04-q03,layout,manual-c-p04,evaluated_split_pages,3,manual-c-p06,0.031746031746
bm25_lexical_rrf,manual-c-p04-q03,layout,manual-c-p04,evaluated_split_pages,4,manual-c-p05,0.03125
bm25_lexical_rrf,manual-c-p04-q03,layout,manual-c-p04,evaluated_split_pages,5,manual-c-p03,0.0305361305361
bm25_lexical_rrf,manual-c-p04-q03,layout,manual-c-p04,evaluated_split_pages,6,manual-c-p02,0.0303099885189
bm25_lexical_rrf,manual-c-p04-q03,layout,manual-c-p04,evaluated_split_pages,7,manual-c-p07,0.0300768882858
bm25_lexical_rrf,manual-c-p04-q03,layout,manual-c-p04,evaluated_split_pages,8,manual-c-p08,0.0294117647059
bm25_lexical_rrf,manual-c-p05-q01,text,manual-c-p05,evaluated_split_pages,1,manual-c-p05,0.0327868852459
bm25_lexical_rrf,manual-c-p05-q01,text,manual-c-p05,evaluated_split_pages,2,manual-c-p01,0.0322580645161
bm25_lexical_rrf,manual-c-p05-q01,text,manual-c-p05,evaluated_split_pages,3,manual-c-p04,0.031746031746
bm25_lexical_rrf,manual-c-p05-q01,text,manual-c-p05,evaluated_split_pages,4,manual-c-p03,0.0310096153846
bm25_lexical_rrf,manual-c-p05-q01,text,manual-c-p05,evaluated_split_pages,5,manual-c-p02,0.0307765151515
bm25_lexical_rrf,manual-c-p05-q01,text,manual-c-p05,evaluated_split_pages,6,manual-c-p07,0.0303099885189
bm25_lexical_rrf,manual-c-p05-q01,text,manual-c-p05,evaluated_split_pages,7,manual-c-p06,0.0298573975045
bm25_lexical_rrf,manual-c-p05-q01,text,manual-c-p05,evaluated_split_pages,8,manual-c-p08,0.0296312554873
bm25_lexical_rrf,manual-c-p05-q02,table,manual-c-p05,evaluated_split_pages,1,manual-c-p02,0.0327868852459
bm25_lexical_rrf,manual-c-p05-q02,table,manual-c-p05,evaluated_split_pages,2,manual-c-p01,0.0322580645161
bm25_lexical_rrf,manual-c-p05-q02,table,manual-c-p05,evaluated_split_pages,3,manual-c-p04,0.031746031746
bm25_lexical_rrf,manual-c-p05-q02,table,manual-c-p05,evaluated_split_pages,4,manual-c-p05,0.03125
bm25_lexical_rrf,manual-c-p05-q02,table,manual-c-p05,evaluated_split_pages,5,manual-c-p03,0.0307692307692
bm25_lexical_rrf,manual-c-p05-q02,table,manual-c-p05,evaluated_split_pages,6,manual-c-p07,0.0300768882858
bm25_lexical_rrf,manual-c-p05-q02,table,manual-c-p05,evaluated_split_pages,7,manual-c-p06,0.0298573975045
bm25_lexical_rrf,manual-c-p05-q02,table,manual-c-p05,evaluated_split_pages,8,manual-c-p08,0.0296312554873
bm25_lexical_rrf,manual-c-p05-q03,ocr_failure,manual-c-p05,evaluated_split_pages,1,manual-c-p07,0.0327868852459
bm25_lexical_rrf,manual-c-p05-q03,ocr_failure,manual-c-p05,evaluated_split_pages,2,manual-c-p04,0.0320020481311
bm25_lexical_rrf,manual-c-p05-q03,ocr_failure,manual-c-p05,evaluated_split_pages,3,manual-c-p05,0.031498015873
bm25_lexical_rrf,manual-c-p05-q03,ocr_failure,manual-c-p05,evaluated_split_pages,4,manual-c-p01,0.0310544053924
bm25_lexical_rrf,manual-c-p05-q03,ocr_failure,manual-c-p05,evaluated_split_pages,5,manual-c-p03,0.0307765151515
bm25_lexical_rrf,manual-c-p05-q03,ocr_failure,manual-c-p05,evaluated_split_pages,6,manual-c-p02,0.0307692307692
bm25_lexical_rrf,manual-c-p05-q03,ocr_failure,manual-c-p05,evaluated_split_pages,7,manual-c-p08,0.0298573975045
bm25_lexical_rrf,manual-c-p05-q03,ocr_failure,manual-c-p05,evaluated_split_pages,8,manual-c-p06,0.0296312554873
bm25_lexical_rrf,manual-c-p06-q01,layout,manual-c-p06,evaluated_split_pages,1,manual-c-p06,0.0327868852459
bm25_lexical_rrf,manual-c-p06-q01,layout,manual-c-p06,evaluated_split_pages,2,manual-c-p01,0.0322580645161
bm25_lexical_rrf,manual-c-p06-q01,layout,manual-c-p06,evaluated_split_pages,3,manual-c-p04,0.031746031746
bm25_lexical_rrf,manual-c-p06-q01,layout,manual-c-p06,evaluated_split_pages,4,manual-c-p05,0.03125
bm25_lexical_rrf,manual-c-p06-q01,layout,manual-c-p06,evaluated_split_pages,5,manual-c-p03,0.0305361305361
bm25_lexical_rrf,manual-c-p06-q01,layout,manual-c-p06,evaluated_split_pages,6,manual-c-p02,0.0303099885189
bm25_lexical_rrf,manual-c-p06-q01,layout,manual-c-p06,evaluated_split_pages,7,manual-c-p07,0.0300768882858
bm25_lexical_rrf,manual-c-p06-q01,layout,manual-c-p06,evaluated_split_pages,8,manual-c-p08,0.0294117647059
bm25_lexical_rrf,manual-c-p06-q02,figure,manual-c-p06,evaluated_split_pages,1,manual-c-p02,0.0327868852459
bm25_lexical_rrf,manual-c-p06-q02,figure,manual-c-p06,evaluated_split_pages,2,manual-c-p06,0.0322580645161
bm25_lexical_rrf,manual-c-p06-q02,figure,manual-c-p06,evaluated_split_pages,3,manual-c-p04,0.031498015873
bm25_lexical_rrf,manual-c-p06-q02,figure,manual-c-p06,evaluated_split_pages,4,manual-c-p05,0.0310096153846
bm25_lexical_rrf,manual-c-p06-q02,figure,manual-c-p06,evaluated_split_pages,5,manual-c-p01,0.030578898226
bm25_lexical_rrf,manual-c-p06-q02,figure,manual-c-p06,evaluated_split_pages,6,manual-c-p03,0.0305361305361
bm25_lexical_rrf,manual-c-p06-q02,figure,manual-c-p06,evaluated_split_pages,7,manual-c-p07,0.0300768882858
bm25_lexical_rrf,manual-c-p06-q02,figure,manual-c-p06,evaluated_split_pages,8,manual-c-p08,0.0296312554873
bm25_lexical_rrf,manual-c-p06-q03,text,manual-c-p06,evaluated_split_pages,1,manual-c-p06,0.0327868852459
bm25_lexical_rrf,manual-c-p06-q03,text,manual-c-p06,evaluated_split_pages,2,manual-c-p01,0.0322580645161
bm25_lexical_rrf,manual-c-p06-q03,text,manual-c-p06,evaluated_split_pages,3,manual-c-p04,0.031746031746
bm25_lexical_rrf,manual-c-p06-q03,text,manual-c-p06,evaluated_split_pages,4,manual-c-p05,0.03125
bm25_lexical_rrf,manual-c-p06-q03,text,manual-c-p06,evaluated_split_pages,5,manual-c-p03,0.0305361305361
bm25_lexical_rrf,manual-c-p06-q03,text,manual-c-p06,evaluated_split_pages,6,manual-c-p02,0.0303099885189
bm25_lexical_rrf,manual-c-p06-q03,text,manual-c-p06,evaluated_split_pages,7,manual-c-p07,0.0300768882858
bm25_lexical_rrf,manual-c-p06-q03,text,manual-c-p06,evaluated_split_pages,8,manual-c-p08,0.0294117647059
bm25_lexical_rrf,manual-c-p07-q01,ocr_failure,manual-c-p07,evaluated_split_pages,1,manual-c-p07,0.0327868852459
bm25_lexical_rrf,manual-c-p07-q01,ocr_failure,manual-c-p07,evaluated_split_pages,2,manual-c-p04,0.0320020481311
bm25_lexical_rrf,manual-c-p07-q01,ocr_failure,manual-c-p07,evaluated_split_pages,3,manual-c-p05,0.031498015873
bm25_lexical_rrf,manual-c-p07-q01,ocr_failure,manual-c-p07,evaluated_split_pages,4,manual-c-p01,0.0310544053924
bm25_lexical_rrf,manual-c-p07-q01,ocr_failure,manual-c-p07,evaluated_split_pages,5,manual-c-p03,0.0307765151515
bm25_lexical_rrf,manual-c-p07-q01,ocr_failure,manual-c-p07,evaluated_split_pages,6,manual-c-p02,0.0307692307692
bm25_lexical_rrf,manual-c-p07-q01,ocr_failure,manual-c-p07,evaluated_split_pages,7,manual-c-p08,0.0298573975045
bm25_lexical_rrf,manual-c-p07-q01,ocr_failure,manual-c-p07,evaluated_split_pages,8,manual-c-p06,0.0296312554873
bm25_lexical_rrf,manual-c-p07-q02,text,manual-c-p07,evaluated_split_pages,1,manual-c-p07,0.0327868852459
bm25_lexical_rrf,manual-c-p07-q02,text,manual-c-p07,evaluated_split_pages,2,manual-c-p01,0.0322580645161
bm25_lexical_rrf,manual-c-p07-q02,text,manual-c-p07,evaluated_split_pages,3,manual-c-p04,0.031746031746
bm25_lexical_rrf,manual-c-p07-q02,text,manual-c-p07,evaluated_split_pages,4,manual-c-p05,0.03125
bm25_lexical_rrf,manual-c-p07-q02,text,manual-c-p07,evaluated_split_pages,5,manual-c-p02,0.0305361305361
bm25_lexical_rrf,manual-c-p07-q02,text,manual-c-p07,evaluated_split_pages,6,manual-c-p03,0.0305361305361
bm25_lexical_rrf,manual-c-p07-q02,text,manual-c-p07,evaluated_split_pages,7,manual-c-p06,0.0296312554873
bm25_lexical_rrf,manual-c-p07-q02,text,manual-c-p07,evaluated_split_pages,8,manual-c-p08,0.0296312554873
bm25_lexical_rrf,manual-c-p07-q03,layout,manual-c-p07,evaluated_split_pages,1,manual-c-p07,0.0327868852459
bm25_lexical_rrf,manual-c-p07-q03,layout,manual-c-p07,evaluated_split_pages,2,manual-c-p01,0.0322580645161
bm25_lexical_rrf,manual-c-p07-q03,layout,manual-c-p07,evaluated_split_pages,3,manual-c-p06,0.031746031746
bm25_lexical_rrf,manual-c-p07-q03,layout,manual-c-p07,evaluated_split_pages,4,manual-c-p04,0.03125
bm25_lexical_rrf,manual-c-p07-q03,layout,manual-c-p07,evaluated_split_pages,5,manual-c-p05,0.0307692307692
bm25_lexical_rrf,manual-c-p07-q03,layout,manual-c-p07,evaluated_split_pages,6,manual-c-p02,0.0300768882858
bm25_lexical_rrf,manual-c-p07-q03,layout,manual-c-p07,evaluated_split_pages,7,manual-c-p03,0.0300768882858
bm25_lexical_rrf,manual-c-p07-q03,layout,manual-c-p07,evaluated_split_pages,8,manual-c-p08,0.0294117647059
bm25_lexical_rrf,manual-c-p08-q01,text,manual-c-p08,evaluated_split_pages,1,manual-c-p08,0.0327868852459
bm25_lexical_rrf,manual-c-p08-q01,text,manual-c-p08,evaluated_split_pages,2,manual-c-p01,0.0322580645161
bm25_lexical_rrf,manual-c-p08-q01,text,manual-c-p08,evaluated_split_pages,3,manual-c-p04,0.031746031746
bm25_lexical_rrf,manual-c-p08-q01,text,manual-c-p08,evaluated_split_pages,4,manual-c-p05,0.03125
bm25_lexical_rrf,manual-c-p08-q01,text,manual-c-p08,evaluated_split_pages,5,manual-c-p03,0.0305361305361
bm25_lexical_rrf,manual-c-p08-q01,text,manual-c-p08,evaluated_split_pages,6,manual-c-p02,0.0303099885189
bm25_lexical_rrf,manual-c-p08-q01,text,manual-c-p08,evaluated_split_pages,7,manual-c-p07,0.0298573975045
bm25_lexical_rrf,manual-c-p08-q01,text,manual-c-p08,evaluated_split_pages,8,manual-c-p06,0.0296312554873
bm25_lexical_rrf,manual-c-p08-q02,ocr_failure,manual-c-p08,evaluated_split_pages,1,manual-c-p07,0.0327868852459
bm25_lexical_rrf,manual-c-p08-q02,ocr_failure,manual-c-p08,evaluated_split_pages,2,manual-c-p04,0.0320020481311
bm25_lexical_rrf,manual-c-p08-q02,ocr_failure,manual-c-p08,evaluated_split_pages,3,manual-c-p05,0.031498015873
bm25_lexical_rrf,manual-c-p08-q02,ocr_failure,manual-c-p08,evaluated_split_pages,4,manual-c-p01,0.0310544053924
bm25_lexical_rrf,manual-c-p08-q02,ocr_failure,manual-c-p08,evaluated_split_pages,5,manual-c-p03,0.0307765151515
bm25_lexical_rrf,manual-c-p08-q02,ocr_failure,manual-c-p08,evaluated_split_pages,6,manual-c-p02,0.0307692307692
bm25_lexical_rrf,manual-c-p08-q02,ocr_failure,manual-c-p08,evaluated_split_pages,7,manual-c-p08,0.0298573975045
bm25_lexical_rrf,manual-c-p08-q02,ocr_failure,manual-c-p08,evaluated_split_pages,8,manual-c-p06,0.0296312554873
bm25_lexical_rrf,manual-c-p08-q03,table,manual-c-p08,evaluated_split_pages,1,manual-c-p05,0.0327868852459
bm25_lexical_rrf,manual-c-p08-q03,table,manual-c-p08,evaluated_split_pages,2,manual-c-p01,0.0322580645161
bm25_lexical_rrf,manual-c-p08-q03,table,manual-c-p08,evaluated_split_pages,3,manual-c-p04,0.031746031746
bm25_lexical_rrf,manual-c-p08-q03,table,manual-c-p08,evaluated_split_pages,4,manual-c-p03,0.0310096153846
bm25_lexical_rrf,manual-c-p08-q03,table,manual-c-p08,evaluated_split_pages,5,manual-c-p02,0.0307765151515
bm25_lexical_rrf,manual-c-p08-q03,table,manual-c-p08,evaluated_split_pages,6,manual-c-p07,0.0303099885189
bm25_lexical_rrf,manual-c-p08-q03,table,manual-c-p08,evaluated_split_pages,7,manual-c-p06,0.0298573975045
bm25_lexical_rrf,manual-c-p08-q03,table,manual-c-p08,evaluated_split_pages,8,manual-c-p08,0.0296312554873
lexical_cosine,manual-c-p01-q01,table,manual-c-p01,evaluated_split_pages,1,manual-c-p01,0.243154452131
lexical_cosine,manual-c-p01-q01,table,manual-c-p01,evaluated_split_pages,2,manual-c-p04,0.219363398843
lexical_cosine,manual-c-p01-q01,table,manual-c-p01,evaluated_split_pages,3,manual-c-p05,0.219363398843
lexical_cosine,manual-c-p01-q01,table,manual-c-p01,evaluated_split_pages,4,manual-c-p03,0.218543345883
lexical_cosine,manual-c-p01-q01,table,manual-c-p01,evaluated_split_pages,5,manual-c-p07,0.218543345883
lexical_cosine,manual-c-p01-q01,table,manual-c-p01,evaluated_split_pages,6,manual-c-p02,0.216930457819
lexical_cosine,manual-c-p01-q01,table,manual-c-p01,evaluated_split_pages,7,manual-c-p08,0.216930457819
lexical_cosine,manual-c-p01-q01,table,manual-c-p01,evaluated_split_pages,8,manual-c-p06,0.215352760823
lexical_cosine,manual-c-p01-q02,text,manual-c-p01,evaluated_split_pages,1,manual-c-p01,0.341743063087
lexical_cosine,manual-c-p01-q02,text,manual-c-p01,evaluated_split_pages,2,manual-c-p04,0.281810740095
lexical_cosine,manual-c-p01-q02,text,manual-c-p01,evaluated_split_pages,3,manual-c-p05,0.281810740095
lexical_cosine,manual-c-p01-q02,text,manual-c-p01,evaluated_split_pages,4,manual-c-p03,0.280757238314
lexical_cosine,manual-c-p01-q02,text,manual-c-p01,evaluated_split_pages,5,manual-c-p07,0.280757238314
lexical_cosine,manual-c-p01-q02,text,manual-c-p01,evaluated_split_pages,6,manual-c-p02,0.278685200857
lexical_cosine,manual-c-p01-q02,text,manual-c-p01,evaluated_split_pages,7,manual-c-p08,0.278685200857
lexical_cosine,manual-c-p01-q02,text,manual-c-p01,evaluated_split_pages,8,manual-c-p06,0.276658372497
lexical_cosine,manual-c-p01-q03,layout,manual-c-p01,evaluated_split_pages,1,manual-c-p01,0.372405869163
lexical_cosine,manual-c-p01-q03,layout,manual-c-p01,evaluated_split_pages,2,manual-c-p06,0.331995790917
lexical_cosine,manual-c-p01-q03,layout,manual-c-p01,evaluated_split_pages,3,manual-c-p04,0.318285872008
lexical_cosine,manual-c-p01-q03,layout,manual-c-p01,evaluated_split_pages,4,manual-c-p05,0.318285872008
lexical_cosine,manual-c-p01-q03,layout,manual-c-p01,evaluated_split_pages,5,manual-c-p03,0.317096014116
lexical_cosine,manual-c-p01-q03,layout,manual-c-p01,evaluated_split_pages,6,manual-c-p07,0.317096014116
lexical_cosine,manual-c-p01-q03,layout,manual-c-p01,evaluated_split_pages,7,manual-c-p02,0.314755790146
lexical_cosine,manual-c-p01-q03,layout,manual-c-p01,evaluated_split_pages,8,manual-c-p08,0.314755790146
lexical_cosine,manual-c-p02-q01,figure,manual-c-p02,evaluated_split_pages,1,manual-c-p02,0.242535625036
lexical_cosine,manual-c-p02-q01,figure,manual-c-p02,evaluated_split_pages,2,manual-c-p04,0.153284834871
lexical_cosine,manual-c-p02-q01,figure,manual-c-p02,evaluated_split_pages,3,manual-c-p05,0.153284834871
lexical_cosine,manual-c-p02-q01,figure,manual-c-p02,evaluated_split_pages,4,manual-c-p03,0.152711805445
lexical_cosine,manual-c-p02-q01,figure,manual-c-p02,evaluated_split_pages,5,manual-c-p07,0.152711805445
lexical_cosine,manual-c-p02-q01,figure,manual-c-p02,evaluated_split_pages,6,manual-c-p08,0.151584765648
lexical_cosine,manual-c-p02-q01,figure,manual-c-p02,evaluated_split_pages,7,manual-c-p01,0.151030523333
lexical_cosine,manual-c-p02-q01,figure,manual-c-p02,evaluated_split_pages,8,manual-c-p06,0.150482316357
lexical_cosine,manual-c-p02-q02,text,manual-c-p02,evaluated_split_pages,1,manual-c-p02,0.332105582078
lexical_cosine,manual-c-p02-q02,text,manual-c-p02,evaluated_split_pages,2,manual-c-p01,0.28677245827
lexical_cosine,manual-c-p02-q02,text,manual-c-p02,evaluated_split_pages,3,manual-c-p04,0.268664197704
lexical_cosine,manual-c-p02-q02,text,manual-c-p02,evaluated_split_pages,4,manual-c-p05,0.268664197704
lexical_cosine,manual-c-p02-q02,text,manual-c-p02,evaluated_split_pages,5,manual-c-p03,0.267659842047
lexical_cosine,manual-c-p02-q02,text,manual-c-p02,evaluated_split_pages,6,manual-c-p07,0.267659842047
lexical_cosine,manual-c-p02-q02,text,manual-c-p02,evaluated_split_pages,7,manual-c-p08,0.265684465662
lexical_cosine,manual-c-p02-q02,text,manual-c-p02,evaluated_split_pages,8,manual-c-p06,0.263752189358
lexical_cosine,manual-c-p02-q03,ocr_failure,manual-c-p02,evaluated_split_pages,1,manual-c-p07,0.338605969696
lexical_cosine,manual-c-p02-q03,ocr_failure,manual-c-p02,evaluated_split_pages,2,manual-c-p04,0.287587842089
lexical_cosine,manual-c-p02-q03,ocr_failure,manual-c-p02,evaluated_split_pages,3,manual-c-p05,0.287587842089
lexical_cosine,manual-c-p02-q03,ocr_failure,manual-c-p02,evaluated_split_pages,4,manual-c-p03,0.286512743589
lexical_cosine,manual-c-p02-q03,ocr_failure,manual-c-p02,evaluated_split_pages,5,manual-c-p02,0.284398229497
lexical_cosine,manual-c-p02-q03,ocr_failure,manual-c-p02,evaluated_split_pages,6,manual-c-p08,0.284398229497
lexical_cosine,manual-c-p02-q03,ocr_failure,manual-c-p02,evaluated_split_pages,7,manual-c-p01,0.283358378741
lexical_cosine,manual-c-p02-q03,ocr_failure,manual-c-p02,evaluated_split_pages,8,manual-c-p06,0.282329851287
lexical_cosine,manual-c-p03-q01,layout,manual-c-p03,evaluated_split_pages,1,manual-c-p03,0.34614675901
lexical_cosine,manual-c-p03-q01,layout,manual-c-p03,evaluated_split_pages,2,manual-c-p01,0.302061046665
lexical_cosine,manual-c-p03-q01,layout,manual-c-p03,evaluated_split_pages,3,manual-c-p06,0.300964632714
lexical_cosine,manual-c-p03-q01,layout,manual-c-p03,evaluated_split_pages,4,manual-c-p04,0.28613169176
lexical_cosine,manual-c-p03-q01,layout,manual-c-p03,evaluated_split_pages,5,manual-c-p05,0.28613169176
lexical_cosine,manual-c-p03-q01,layout,manual-c-p03,evaluated_split_pages,6,manual-c-p07,0.285062036831
lexical_cosine,manual-c-p03-q01,layout,manual-c-p03,evaluated_split_pages,7,manual-c-p02,0.282958229209
lexical_cosine,manual-c-p03-q01,layout,manual-c-p03,evaluated_split_pages,8,manual-c-p08,0.282958229209
lexical_cosine,manual-c-p03-q02,text,manual-c-p03,evaluated_split_pages,1,manual-c-p03,0.312269815722
lexical_cosine,manual-c-p03-q02,text,manual-c-p03,evaluated_split_pages,2,manual-c-p01,0.264713038403
lexical_cosine,manual-c-p03-q02,text,manual-c-p03,evaluated_split_pages,3,manual-c-p04,0.246275514562
lexical_cosine,manual-c-p03-q02,text,manual-c-p03,evaluated_split_pages,4,manual-c-p05,0.246275514562
lexical_cosine,manual-c-p03-q02,text,manual-c-p03,evaluated_split_pages,5,manual-c-p07,0.24535485521
lexical_cosine,manual-c-p03-q02,text,manual-c-p03,evaluated_split_pages,6,manual-c-p02,0.243544093524
lexical_cosine,manual-c-p03-q02,text,manual-c-p03,evaluated_split_pages,7,manual-c-p08,0.243544093524
lexical_cosine,manual-c-p03-q02,text,manual-c-p03,evaluated_split_pages,8,manual-c-p06,0.241772840245
lexical_cosine,manual-c-p03-q03,figure,manual-c-p03,evaluated_split_pages,1,manual-c-p02,0.212218671907
lexical_cosine,manual-c-p03-q03,figure,manual-c-p03,evaluated_split_pages,2,manual-c-p03,0.183254166534
lexical_cosine,manual-c-p03-q03,figure,manual-c-p03,evaluated_split_pages,3,manual-c-p04,0.153284834871
lexical_cosine,manual-c-p03-q03,figure,manual-c-p03,evaluated_split_pages,4,manual-c-p05,0.153284834871
lexical_cosine,manual-c-p03-q03,figure,manual-c-p03,evaluated_split_pages,5,manual-c-p07,0.152711805445
lexical_cosine,manual-c-p03-q03,figure,manual-c-p03,evaluated_split_pages,6,manual-c-p08,0.151584765648
lexical_cosine,manual-c-p03-q03,figure,manual-c-p03,evaluated_split_pages,7,manual-c-p01,0.151030523333
lexical_cosine,manual-c-p03-q03,figure,manual-c-p03,evaluated_split_pages,8,manual-c-p06,0.150482316357
lexical_cosine,manual-c-p04-q01,text,manual-c-p04,evaluated_split_pages,1,manual-c-p04,0.324442842262
lexical_cosine,manual-c-p04-q01,text,manual-c-p04,evaluated_split_pages,2,manual-c-p01,0.29683769523
lexical_cosine,manual-c-p04-q01,text,manual-c-p04,evaluated_split_pages,3,manual-c-p05,0.278093864796
lexical_cosine,manual-c-p04-q01,text,manual-c-p04,evaluated_split_pages,4,manual-c-p03,0.277054257924
lexical_cosine,manual-c-p04-q01,text,manual-c-p04,evaluated_split_pages,5,manual-c-p07,0.277054257924
lexical_cosine,manual-c-p04-q01,text,manual-c-p04,evaluated_split_pages,6,manual-c-p02,0.275009549108
lexical_cosine,manual-c-p04-q01,text,manual-c-p04,evaluated_split_pages,7,manual-c-p08,0.275009549108
lexical_cosine,manual-c-p04-q01,text,manual-c-p04,evaluated_split_pages,8,manual-c-p06,0.273009453116
lexical_cosine,manual-c-p04-q02,table,manual-c-p04,evaluated_split_pages,1,manual-c-p01,0.243154452131
lexical_cosine,manual-c-p04-q02,table,manual-c-p04,evaluated_split_pages,2,manual-c-p04,0.191942973987
lexical_cosine,manual-c-p04-q02,table,manual-c-p04,evaluated_split_pages,3,manual-c-p05,0.191942973987
lexical_cosine,manual-c-p04-q02,table,manual-c-p04,evaluated_split_pages,4,manual-c-p03,0.191225427648
lexical_cosine,manual-c-p04-q02,table,manual-c-p04,evaluated_split_pages,5,manual-c-p07,0.191225427648
lexical_cosine,manual-c-p04-q02,table,manual-c-p04,evaluated_split_pages,6,manual-c-p02,0.189814150591
lexical_cosine,manual-c-p04-q02,table,manual-c-p04,evaluated_split_pages,7,manual-c-p08,0.189814150591
lexical_cosine,manual-c-p04-q02,table,manual-c-p04,evaluated_split_pages,8,manual-c-p06,0.18843366572
lexical_cosine,manual-c-p04-q03,layout,manual-c-p04,evaluated_split_pages,1,manual-c-p04,0.336488093494
lexical_cosine,manual-c-p04-q03,layout,manual-c-p04,evaluated_split_pages,2,manual-c-p01,0.310818252778
lexical_cosine,manual-c-p04-q03,layout,manual-c-p04,evaluated_split_pages,3,manual-c-p06,0.309690052131
lexical_cosine,manual-c-p04-q03,layout,manual-c-p04,evaluated_split_pages,4,manual-c-p05,0.294427081807
lexical_cosine,manual-c-p04-q03,layout,manual-c-p04,evaluated_split_pages,5,manual-c-p03,0.293326415967
lexical_cosine,manual-c-p04-q03,layout,manual-c-p04,evaluated_split_pages,6,manual-c-p07,0.293326415967
lexical_cosine,manual-c-p04-q03,layout,manual-c-p04,evaluated_split_pages,7,manual-c-p02,0.291161615783
lexical_cosine,manual-c-p04-q03,layout,manual-c-p04,evaluated_split_pages,8,manual-c-p08,0.291161615783
lexical_cosine,manual-c-p05-q01,text,manual-c-p05,evaluated_split_pages,1,manual-c-p05,0.324442842262
lexical_cosine,manual-c-p05-q01,text,manual-c-p05,evaluated_split_pages,2,manual-c-p01,0.29683769523
lexical_cosine,manual-c-p05-q01,text,manual-c-p05,evaluated_split_pages,3,manual-c-p04,0.278093864796
lexical_cosine,manual-c-p05-q01,text,manual-c-p05,evaluated_split_pages,4,manual-c-p03,0.277054257924
lexical_cosine,manual-c-p05-q01,text,manual-c-p05,evaluated_split_pages,5,manual-c-p07,0.277054257924
lexical_cosine,manual-c-p05-q01,text,manual-c-p05,evaluated_split_pages,6,manual-c-p02,0.275009549108
lexical_cosine,manual-c-p05-q01,text,manual-c-p05,evaluated_split_pages,7,manual-c-p08,0.275009549108
lexical_cosine,manual-c-p05-q01,text,manual-c-p05,evaluated_split_pages,8,manual-c-p06,0.273009453116
lexical_cosine,manual-c-p05-q02,table,manual-c-p05,evaluated_split_pages,1,manual-c-p02,0.216930457819
lexical_cosine,manual-c-p05-q02,table,manual-c-p05,evaluated_split_pages,2,manual-c-p01,0.216137290783
lexical_cosine,manual-c-p05-q02,table,manual-c-p05,evaluated_split_pages,3,manual-c-p04,0.191942973987
lexical_cosine,manual-c-p05-q02,table,manual-c-p05,evaluated_split_pages,4,manual-c-p05,0.191942973987
lexical_cosine,manual-c-p05-q02,table,manual-c-p05,evaluated_split_pages,5,manual-c-p03,0.191225427648
lexical_cosine,manual-c-p05-q02,table,manual-c-p05,evaluated_split_pages,6,manual-c-p07,0.191225427648
lexical_cosine,manual-c-p05-q02,table,manual-c-p05,evaluated_split_pages,7,manual-c-p08,0.189814150591
lexical_cosine,manual-c-p05-q02,table,manual-c-p05,evaluated_split_pages,8,manual-c-p06,0.18843366572
lexical_cosine,manual-c-p05-q03,ocr_failure,manual-c-p05,evaluated_split_pages,1,manual-c-p07,0.338605969696
lexical_cosine,manual-c-p05-q03,ocr_failure,manual-c-p05,evaluated_split_pages,2,manual-c-p04,0.287587842089
lexical_cosine,manual-c-p05-q03,ocr_failure,manual-c-p05,evaluated_split_pages,3,manual-c-p05,0.287587842089
lexical_cosine,manual-c-p05-q03,ocr_failure,manual-c-p05,evaluated_split_pages,4,manual-c-p03,0.286512743589
lexical_cosine,manual-c-p05-q03,ocr_failure,manual-c-p05,evaluated_split_pages,5,manual-c-p02,0.284398229497
lexical_cosine,manual-c-p05-q03,ocr_failure,manual-c-p05,evaluated_split_pages,6,manual-c-p08,0.284398229497
lexical_cosine,manual-c-p05-q03,ocr_failure,manual-c-p05,evaluated_split_pages,7,manual-c-p01,0.283358378741
lexical_cosine,manual-c-p05-q03,ocr_failure,manual-c-p05,evaluated_split_pages,8,manual-c-p06,0.282329851287
lexical_cosine,manual-c-p06-q01,layout,manual-c-p06,evaluated_split_pages,1,manual-c-p06,0.380693493813
lexical_cosine,manual-c-p06-q01,layout,manual-c-p06,evaluated_split_pages,2,manual-c-p01,0.324768305958
lexical_cosine,manual-c-p06-q01,layout,manual-c-p06,evaluated_split_pages,3,manual-c-p04,0.310226693732
lexical_cosine,manual-c-p06-q01,layout,manual-c-p06,evaluated_split_pages,4,manual-c-p05,0.310226693732
lexical_cosine,manual-c-p06-q01,layout,manual-c-p06,evaluated_split_pages,5,manual-c-p03,0.309066963715
lexical_cosine,manual-c-p06-q01,layout,manual-c-p06,evaluated_split_pages,6,manual-c-p07,0.309066963715
lexical_cosine,manual-c-p06-q01,layout,manual-c-p06,evaluated_split_pages,7,manual-c-p02,0.306785995539
lexical_cosine,manual-c-p06-q01,layout,manual-c-p06,evaluated_split_pages,8,manual-c-p08,0.306785995539
lexical_cosine,manual-c-p06-q02,figure,manual-c-p06,evaluated_split_pages,1,manual-c-p02,0.212218671907
lexical_cosine,manual-c-p06-q02,figure,manual-c-p06,evaluated_split_pages,2,manual-c-p06,0.180578779629
lexical_cosine,manual-c-p06-q02,figure,manual-c-p06,evaluated_split_pages,3,manual-c-p04,0.153284834871
lexical_cosine,manual-c-p06-q02,figure,manual-c-p06,evaluated_split_pages,4,manual-c-p05,0.153284834871
lexical_cosine,manual-c-p06-q02,figure,manual-c-p06,evaluated_split_pages,5,manual-c-p03,0.152711805445
lexical_cosine,manual-c-p06-q02,figure,manual-c-p06,evaluated_split_pages,6,manual-c-p07,0.152711805445
lexical_cosine,manual-c-p06-q02,figure,manual-c-p06,evaluated_split_pages,7,manual-c-p08,0.151584765648
lexical_cosine,manual-c-p06-q02,figure,manual-c-p06,evaluated_split_pages,8,manual-c-p01,0.151030523333
lexical_cosine,manual-c-p06-q03,text,manual-c-p06,evaluated_split_pages,1,manual-c-p06,0.351669585811
lexical_cosine,manual-c-p06-q03,text,manual-c-p06,evaluated_split_pages,2,manual-c-p01,0.308831878137
lexical_cosine,manual-c-p06-q03,text,manual-c-p06,evaluated_split_pages,3,manual-c-p04,0.291052880846
lexical_cosine,manual-c-p06-q03,text,manual-c-p06,evaluated_split_pages,4,manual-c-p05,0.291052880846
lexical_cosine,manual-c-p06-q03,text,manual-c-p06,evaluated_split_pages,5,manual-c-p03,0.289964828885
lexical_cosine,manual-c-p06-q03,text,manual-c-p06,evaluated_split_pages,6,manual-c-p07,0.289964828885
lexical_cosine,manual-c-p06-q03,text,manual-c-p06,evaluated_split_pages,7,manual-c-p02,0.287824837801
lexical_cosine,manual-c-p06-q03,text,manual-c-p06,evaluated_split_pages,8,manual-c-p08,0.287824837801
lexical_cosine,manual-c-p07-q01,ocr_failure,manual-c-p07,evaluated_split_pages,1,manual-c-p07,0.338605969696
lexical_cosine,manual-c-p07-q01,ocr_failure,manual-c-p07,evaluated_split_pages,2,manual-c-p04,0.287587842089
lexical_cosine,manual-c-p07-q01,ocr_failure,manual-c-p07,evaluated_split_pages,3,manual-c-p05,0.287587842089
lexical_cosine,manual-c-p07-q01,ocr_failure,manual-c-p07,evaluated_split_pages,4,manual-c-p03,0.286512743589
lexical_cosine,manual-c-p07-q01,ocr_failure,manual-c-p07,evaluated_split_pages,5,manual-c-p02,0.284398229497
lexical_cosine,manual-c-p07-q01,ocr_failure,manual-c-p07,evaluated_split_pages,6,manual-c-p08,0.284398229497
lexical_cosine,manual-c-p07-q01,ocr_failure,manual-c-p07,evaluated_split_pages,7,manual-c-p01,0.283358378741
lexical_cosine,manual-c-p07-q01,ocr_failure,manual-c-p07,evaluated_split_pages,8,manual-c-p06,0.282329851287
lexical_cosine,manual-c-p07-q02,text,manual-c-p07,evaluated_split_pages,1,manual-c-p07,0.312269815722
lexical_cosine,manual-c-p07-q02,text,manual-c-p07,evaluated_split_pages,2,manual-c-p01,0.264713038403
lexical_cosine,manual-c-p07-q02,text,manual-c-p07,evaluated_split_pages,3,manual-c-p04,0.246275514562
lexical_cosine,manual-c-p07-q02,text,manual-c-p07,evaluated_split_pages,4,manual-c-p05,0.246275514562
lexical_cosine,manual-c-p07-q02,text,manual-c-p07,evaluated_split_pages,5,manual-c-p03,0.24535485521
lexical_cosine,manual-c-p07-q02,text,manual-c-p07,evaluated_split_pages,6,manual-c-p02,0.243544093524
lexical_cosine,manual-c-p07-q02,text,manual-c-p07,evaluated_split_pages,7,manual-c-p08,0.243544093524
lexical_cosine,manual-c-p07-q02,text,manual-c-p07,evaluated_split_pages,8,manual-c-p06,0.241772840245
lexical_cosine,manual-c-p07-q03,layout,manual-c-p07,evaluated_split_pages,1,manual-c-p07,0.34614675901
lexical_cosine,manual-c-p07-q03,layout,manual-c-p07,evaluated_split_pages,2,manual-c-p01,0.302061046665
lexical_cosine,manual-c-p07-q03,layout,manual-c-p07,evaluated_split_pages,3,manual-c-p06,0.300964632714
lexical_cosine,manual-c-p07-q03,layout,manual-c-p07,evaluated_split_pages,4,manual-c-p04,0.28613169176
lexical_cosine,manual-c-p07-q03,layout,manual-c-p07,evaluated_split_pages,5,manual-c-p05,0.28613169176
lexical_cosine,manual-c-p07-q03,layout,manual-c-p07,evaluated_split_pages,6,manual-c-p03,0.285062036831
lexical_cosine,manual-c-p07-q03,layout,manual-c-p07,evaluated_split_pages,7,manual-c-p02,0.282958229209
lexical_cosine,manual-c-p07-q03,layout,manual-c-p07,evaluated_split_pages,8,manual-c-p08,0.282958229209
lexical_cosine,manual-c-p08-q01,text,manual-c-p08,evaluated_split_pages,1,manual-c-p08,0.354245954216
lexical_cosine,manual-c-p08-q01,text,manual-c-p08,evaluated_split_pages,2,manual-c-p01,0.308831878137
lexical_cosine,manual-c-p08-q01,text,manual-c-p08,evaluated_split_pages,3,manual-c-p04,0.291052880846
lexical_cosine,manual-c-p08-q01,text,manual-c-p08,evaluated_split_pages,4,manual-c-p05,0.291052880846
lexical_cosine,manual-c-p08-q01,text,manual-c-p08,evaluated_split_pages,5,manual-c-p03,0.289964828885
lexical_cosine,manual-c-p08-q01,text,manual-c-p08,evaluated_split_pages,6,manual-c-p07,0.289964828885
lexical_cosine,manual-c-p08-q01,text,manual-c-p08,evaluated_split_pages,7,manual-c-p02,0.287824837801
lexical_cosine,manual-c-p08-q01,text,manual-c-p08,evaluated_split_pages,8,manual-c-p06,0.285731538472
lexical_cosine,manual-c-p08-q02,ocr_failure,manual-c-p08,evaluated_split_pages,1,manual-c-p07,0.338605969696
lexical_cosine,manual-c-p08-q02,ocr_failure,manual-c-p08,evaluated_split_pages,2,manual-c-p04,0.287587842089
lexical_cosine,manual-c-p08-q02,ocr_failure,manual-c-p08,evaluated_split_pages,3,manual-c-p05,0.287587842089
lexical_cosine,manual-c-p08-q02,ocr_failure,manual-c-p08,evaluated_split_pages,4,manual-c-p03,0.286512743589
lexical_cosine,manual-c-p08-q02,ocr_failure,manual-c-p08,evaluated_split_pages,5,manual-c-p02,0.284398229497
lexical_cosine,manual-c-p08-q02,ocr_failure,manual-c-p08,evaluated_split_pages,6,manual-c-p08,0.284398229497
lexical_cosine,manual-c-p08-q02,ocr_failure,manual-c-p08,evaluated_split_pages,7,manual-c-p01,0.283358378741
lexical_cosine,manual-c-p08-q02,ocr_failure,manual-c-p08,evaluated_split_pages,8,manual-c-p06,0.282329851287
lexical_cosine,manual-c-p08-q03,table,manual-c-p08,evaluated_split_pages,1,manual-c-p05,0.219363398843
lexical_cosine,manual-c-p08-q03,table,manual-c-p08,evaluated_split_pages,2,manual-c-p01,0.216137290783
lexical_cosine,manual-c-p08-q03,table,manual-c-p08,evaluated_split_pages,3,manual-c-p04,0.191942973987
lexical_cosine,manual-c-p08-q03,table,manual-c-p08,evaluated_split_pages,4,manual-c-p03,0.191225427648
lexical_cosine,manual-c-p08-q03,table,manual-c-p08,evaluated_split_pages,5,manual-c-p07,0.191225427648
lexical_cosine,manual-c-p08-q03,table,manual-c-p08,evaluated_split_pages,6,manual-c-p02,0.189814150591
lexical_cosine,manual-c-p08-q03,table,manual-c-p08,evaluated_split_pages,7,manual-c-p08,0.189814150591
lexical_cosine,manual-c-p08-q03,table,manual-c-p08,evaluated_split_pages,8,manual-c-p06,0.18843366572
mock_visual,manual-c-p01-q01,table,manual-c-p01,evaluated_split_pages,1,manual-c-p02,0.593776086758
mock_visual,manual-c-p01-q01,table,manual-c-p01,evaluated_split_pages,2,manual-c-p06,0.573628101039
mock_visual,manual-c-p01-q01,table,manual-c-p01,evaluated_split_pages,3,manual-c-p01,0.564727217428
mock_visual,manual-c-p01-q01,table,manual-c-p01,evaluated_split_pages,4,manual-c-p03,0.549718031007
mock_visual,manual-c-p01-q01,table,manual-c-p01,evaluated_split_pages,5,manual-c-p04,0.532220753339
mock_visual,manual-c-p01-q01,table,manual-c-p01,evaluated_split_pages,6,manual-c-p07,0.530340699156
mock_visual,manual-c-p01-q01,table,manual-c-p01,evaluated_split_pages,7,manual-c-p05,0.50420899002
mock_visual,manual-c-p01-q01,table,manual-c-p01,evaluated_split_pages,8,manual-c-p08,0.47964017878
mock_visual,manual-c-p01-q02,text,manual-c-p01,evaluated_split_pages,1,manual-c-p06,0.57670644716
mock_visual,manual-c-p01-q02,text,manual-c-p01,evaluated_split_pages,2,manual-c-p07,0.571080724554
mock_visual,manual-c-p01-q02,text,manual-c-p01,evaluated_split_pages,3,manual-c-p03,0.563878721725
mock_visual,manual-c-p01-q02,text,manual-c-p01,evaluated_split_pages,4,manual-c-p08,0.557695859363
mock_visual,manual-c-p01-q02,text,manual-c-p01,evaluated_split_pages,5,manual-c-p02,0.55501887187
mock_visual,manual-c-p01-q02,text,manual-c-p01,evaluated_split_pages,6,manual-c-p05,0.551996023336
mock_visual,manual-c-p01-q02,text,manual-c-p01,evaluated_split_pages,7,manual-c-p01,0.54471307872
mock_visual,manual-c-p01-q02,text,manual-c-p01,evaluated_split_pages,8,manual-c-p04,0.538204923263
mock_visual,manual-c-p01-q03,layout,manual-c-p01,evaluated_split_pages,1,manual-c-p06,0.575554030822
mock_visual,manual-c-p01-q03,layout,manual-c-p01,evaluated_split_pages,2,manual-c-p07,0.561656764529
mock_visual,manual-c-p01-q03,layout,manual-c-p01,evaluated_split_pages,3,manual-c-p05,0.543981807156
mock_visual,manual-c-p01-q03,layout,manual-c-p01,evaluated_split_pages,4,manual-c-p03,0.541804884144
mock_visual,manual-c-p01-q03,layout,manual-c-p01,evaluated_split_pages,5,manual-c-p02,0.529482420654
mock_visual,manual-c-p01-q03,layout,manual-c-p01,evaluated_split_pages,6,manual-c-p04,0.529112900627
mock_visual,manual-c-p01-q03,layout,manual-c-p01,evaluated_split_pages,7,manual-c-p01,0.52644163737
mock_visual,manual-c-p01-q03,layout,manual-c-p01,evaluated_split_pages,8,manual-c-p08,0.516994071634
mock_visual,manual-c-p02-q01,figure,manual-c-p02,evaluated_split_pages,1,manual-c-p06,0.588554943052
mock_visual,manual-c-p02-q01,figure,manual-c-p02,evaluated_split_pages,2,manual-c-p04,0.574006650379
mock_visual,manual-c-p02-q01,figure,manual-c-p02,evaluated_split_pages,3,manual-c-p03,0.569023851426
mock_visual,manual-c-p02-q01,figure,manual-c-p02,evaluated_split_pages,4,manual-c-p02,0.543612584425
mock_visual,manual-c-p02-q01,figure,manual-c-p02,evaluated_split_pages,5,manual-c-p08,0.532729259881
mock_visual,manual-c-p02-q01,figure,manual-c-p02,evaluated_split_pages,6,manual-c-p01,0.530303812457
mock_visual,manual-c-p02-q01,figure,manual-c-p02,evaluated_split_pages,7,manual-c-p05,0.528742195233
mock_visual,manual-c-p02-q01,figure,manual-c-p02,evaluated_split_pages,8,manual-c-p07,0.505559136432
mock_visual,manual-c-p02-q02,text,manual-c-p02,evaluated_split_pages,1,manual-c-p06,0.565121862567
mock_visual,manual-c-p02-q02,text,manual-c-p02,evaluated_split_pages,2,manual-c-p03,0.550689718257
mock_visual,manual-c-p02-q02,text,manual-c-p02,evaluated_split_pages,3,manual-c-p02,0.549309314582
mock_visual,manual-c-p02-q02,text,manual-c-p02,evaluated_split_pages,4,manual-c-p07,0.54317474923
mock_visual,manual-c-p02-q02,text,manual-c-p02,evaluated_split_pages,5,manual-c-p01,0.532215775841
mock_visual,manual-c-p02-q02,text,manual-c-p02,evaluated_split_pages,6,manual-c-p08,0.531947238123
mock_visual,manual-c-p02-q02,text,manual-c-p02,evaluated_split_pages,7,manual-c-p05,0.529861440048
mock_visual,manual-c-p02-q02,text,manual-c-p02,evaluated_split_pages,8,manual-c-p04,0.528725152957
mock_visual,manual-c-p02-q03,ocr_failure,manual-c-p02,evaluated_split_pages,1,manual-c-p03,0.631152214607
mock_visual,manual-c-p02-q03,ocr_failure,manual-c-p02,evaluated_split_pages,2,manual-c-p02,0.628287075007
mock_visual,manual-c-p02-q03,ocr_failure,manual-c-p02,evaluated_split_pages,3,manual-c-p04,0.551490097863
mock_visual,manual-c-p02-q03,ocr_failure,manual-c-p02,evaluated_split_pages,4,manual-c-p06,0.540840100126
mock_visual,manual-c-p02-q03,ocr_failure,manual-c-p02,evaluated_split_pages,5,manual-c-p01,0.530141468447
mock_visual,manual-c-p02-q03,ocr_failure,manual-c-p02,evaluated_split_pages,6,manual-c-p05,0.524526768904
mock_visual,manual-c-p02-q03,ocr_failure,manual-c-p02,evaluated_split_pages,7,manual-c-p08,0.517150454681
mock_visual,manual-c-p02-q03,ocr_failure,manual-c-p02,evaluated_split_pages,8,manual-c-p07,0.507867413738
mock_visual,manual-c-p03-q01,layout,manual-c-p03,evaluated_split_pages,1,manual-c-p07,0.554603210891
mock_visual,manual-c-p03-q01,layout,manual-c-p03,evaluated_split_pages,2,manual-c-p06,0.54920551426
mock_visual,manual-c-p03-q01,layout,manual-c-p03,evaluated_split_pages,3,manual-c-p05,0.525792097734
mock_visual,manual-c-p03-q01,layout,manual-c-p03,evaluated_split_pages,4,manual-c-p03,0.525041007449
mock_visual,manual-c-p03-q01,layout,manual-c-p03,evaluated_split_pages,5,manual-c-p04,0.520672164143
mock_visual,manual-c-p03-q01,layout,manual-c-p03,evaluated_split_pages,6,manual-c-p02,0.508474135729
mock_visual,manual-c-p03-q01,layout,manual-c-p03,evaluated_split_pages,7,manual-c-p01,0.501275066408
mock_visual,manual-c-p03-q01,layout,manual-c-p03,evaluated_split_pages,8,manual-c-p08,0.500070550158
mock_visual,manual-c-p03-q02,text,manual-c-p03,evaluated_split_pages,1,manual-c-p07,0.562928670004
mock_visual,manual-c-p03-q02,text,manual-c-p03,evaluated_split_pages,2,manual-c-p06,0.548524535071
mock_visual,manual-c-p03-q02,text,manual-c-p03,evaluated_split_pages,3,manual-c-p03,0.544525664077
mock_visual,manual-c-p03-q02,text,manual-c-p03,evaluated_split_pages,4,manual-c-p08,0.536930650607
mock_visual,manual-c-p03-q02,text,manual-c-p03,evaluated_split_pages,5,manual-c-p05,0.53205938554
mock_visual,manual-c-p03-q02,text,manual-c-p03,evaluated_split_pages,6,manual-c-p02,0.530907604536
mock_visual,manual-c-p03-q02,text,manual-c-p03,evaluated_split_pages,7,manual-c-p04,0.528595336171
mock_visual,manual-c-p03-q02,text,manual-c-p03,evaluated_split_pages,8,manual-c-p01,0.516650640271
mock_visual,manual-c-p03-q03,figure,manual-c-p03,evaluated_split_pages,1,manual-c-p06,0.609701296516
mock_visual,manual-c-p03-q03,figure,manual-c-p03,evaluated_split_pages,2,manual-c-p03,0.577772681139
mock_visual,manual-c-p03-q03,figure,manual-c-p03,evaluated_split_pages,3,manual-c-p08,0.572015129253
mock_visual,manual-c-p03-q03,figure,manual-c-p03,evaluated_split_pages,4,manual-c-p04,0.562999757948
mock_visual,manual-c-p03-q03,figure,manual-c-p03,evaluated_split_pages,5,manual-c-p02,0.548372497719
mock_visual,manual-c-p03-q03,figure,manual-c-p03,evaluated_split_pages,6,manual-c-p01,0.528716609534
mock_visual,manual-c-p03-q03,figure,manual-c-p03,evaluated_split_pages,7,manual-c-p05,0.528644596868
mock_visual,manual-c-p03-q03,figure,manual-c-p03,evaluated_split_pages,8,manual-c-p07,0.505127043934
mock_visual,manual-c-p04-q01,text,manual-c-p04,evaluated_split_pages,1,manual-c-p02,0.562900881564
mock_visual,manual-c-p04-q01,text,manual-c-p04,evaluated_split_pages,2,manual-c-p06,0.551230497312
mock_visual,manual-c-p04-q01,text,manual-c-p04,evaluated_split_pages,3,manual-c-p08,0.537414825488
mock_visual,manual-c-p04-q01,text,manual-c-p04,evaluated_split_pages,4,manual-c-p01,0.537264352964
mock_visual,manual-c-p04-q01,text,manual-c-p04,evaluated_split_pages,5,manual-c-p03,0.533885332955
mock_visual,manual-c-p04-q01,text,manual-c-p04,evaluated_split_pages,6,manual-c-p07,0.533762968672
mock_visual,manual-c-p04-q01,text,manual-c-p04,evaluated_split_pages,7,manual-c-p04,0.513755712268
mock_visual,manual-c-p04-q01,text,manual-c-p04,evaluated_split_pages,8,manual-c-p05,0.509088397148
mock_visual,manual-c-p04-q02,table,manual-c-p04,evaluated_split_pages,1,manual-c-p06,0.583870370034
mock_visual,manual-c-p04-q02,table,manual-c-p04,evaluated_split_pages,2,manual-c-p01,0.563445659801
mock_visual,manual-c-p04-q02,table,manual-c-p04,evaluated_split_pages,3,manual-c-p02,0.552979665239
mock_visual,manual-c-p04-q02,table,manual-c-p04,evaluated_split_pages,4,manual-c-p03,0.552570500273
mock_visual,manual-c-p04-q02,table,manual-c-p04,evaluated_split_pages,5,manual-c-p07,0.5456468237
mock_visual,manual-c-p04-q02,table,manual-c-p04,evaluated_split_pages,6,manual-c-p04,0.523159184801
mock_visual,manual-c-p04-q02,table,manual-c-p04,evaluated_split_pages,7,manual-c-p05,0.522916607895
mock_visual,manual-c-p04-q02,table,manual-c-p04,evaluated_split_pages,8,manual-c-p08,0.494255695946
mock_visual,manual-c-p04-q03,layout,manual-c-p04,evaluated_split_pages,1,manual-c-p06,0.55839890407
mock_visual,manual-c-p04-q03,layout,manual-c-p04,evaluated_split_pages,2,manual-c-p07,0.53876044828
mock_visual,manual-c-p04-q03,layout,manual-c-p04,evaluated_split_pages,3,manual-c-p03,0.517442207014
mock_visual,manual-c-p04-q03,layout,manual-c-p04,evaluated_split_pages,4,manual-c-p05,0.515868278621
mock_visual,manual-c-p04-q03,layout,manual-c-p04,evaluated_split_pages,5,manual-c-p02,0.511370854899
mock_visual,manual-c-p04-q03,layout,manual-c-p04,evaluated_split_pages,6,manual-c-p08,0.509538291006
mock_visual,manual-c-p04-q03,layout,manual-c-p04,evaluated_split_pages,7,manual-c-p04,0.503332163246
mock_visual,manual-c-p04-q03,layout,manual-c-p04,evaluated_split_pages,8,manual-c-p01,0.499613742493
mock_visual,manual-c-p05-q01,text,manual-c-p05,evaluated_split_pages,1,manual-c-p02,0.556786228024
mock_visual,manual-c-p05-q01,text,manual-c-p05,evaluated_split_pages,2,manual-c-p01,0.550782814549
mock_visual,manual-c-p05-q01,text,manual-c-p05,evaluated_split_pages,3,manual-c-p07,0.550018305834
mock_visual,manual-c-p05-q01,text,manual-c-p05,evaluated_split_pages,4,manual-c-p06,0.541493139132
mock_visual,manual-c-p05-q01,text,manual-c-p05,evaluated_split_pages,5,manual-c-p03,0.539126720392
mock_visual,manual-c-p05-q01,text,manual-c-p05,evaluated_split_pages,6,manual-c-p08,0.522396283741
mock_visual,manual-c-p05-q01,text,manual-c-p05,evaluated_split_pages,7,manual-c-p05,0.521475904755
mock_visual,manual-c-p05-q01,text,manual-c-p05,evaluated_split_pages,8,manual-c-p04,0.508848617697
mock_visual,manual-c-p05-q02,table,manual-c-p05,evaluated_split_pages,1,manual-c-p06,0.588289349075
mock_visual,manual-c-p05-q02,table,manual-c-p05,evaluated_split_pages,2,manual-c-p07,0.58644324522
mock_visual,manual-c-p05-q02,table,manual-c-p05,evaluated_split_pages,3,manual-c-p04,0.560313057426
mock_visual,manual-c-p05-q02,table,manual-c-p05,evaluated_split_pages,4,manual-c-p01,0.550259010688
mock_visual,manual-c-p05-q02,table,manual-c-p05,evaluated_split_pages,5,manual-c-p02,0.539793016125
mock_visual,manual-c-p05-q02,table,manual-c-p05,evaluated_split_pages,6,manual-c-p03,0.539383851159
mock_visual,manual-c-p05-q02,table,manual-c-p05,evaluated_split_pages,7,manual-c-p05,0.506723311586
mock_visual,manual-c-p05-q02,table,manual-c-p05,evaluated_split_pages,8,manual-c-p08,0.49821227224
mock_visual,manual-c-p05-q03,ocr_failure,manual-c-p05,evaluated_split_pages,1,manual-c-p03,0.631152214607
mock_visual,manual-c-p05-q03,ocr_failure,manual-c-p05,evaluated_split_pages,2,manual-c-p02,0.628287075007
mock_visual,manual-c-p05-q03,ocr_failure,manual-c-p05,evaluated_split_pages,3,manual-c-p04,0.551490097863
mock_visual,manual-c-p05-q03,ocr_failure,manual-c-p05,evaluated_split_pages,4,manual-c-p06,0.540840100126
mock_visual,manual-c-p05-q03,ocr_failure,manual-c-p05,evaluated_split_pages,5,manual-c-p01,0.530141468447
mock_visual,manual-c-p05-q03,ocr_failure,manual-c-p05,evaluated_split_pages,6,manual-c-p05,0.524526768904
mock_visual,manual-c-p05-q03,ocr_failure,manual-c-p05,evaluated_split_pages,7,manual-c-p08,0.517150454681
mock_visual,manual-c-p05-q03,ocr_failure,manual-c-p05,evaluated_split_pages,8,manual-c-p07,0.507867413738
mock_visual,manual-c-p06-q01,layout,manual-c-p06,evaluated_split_pages,1,manual-c-p06,0.568967489447
mock_visual,manual-c-p06-q01,layout,manual-c-p06,evaluated_split_pages,2,manual-c-p07,0.541189500515
mock_visual,manual-c-p06-q01,layout,manual-c-p06,evaluated_split_pages,3,manual-c-p02,0.519356846757
mock_visual,manual-c-p06-q01,layout,manual-c-p06,evaluated_split_pages,4,manual-c-p03,0.514833613776
mock_visual,manual-c-p06-q01,layout,manual-c-p06,evaluated_split_pages,5,manual-c-p05,0.512178953566
mock_visual,manual-c-p06-q01,layout,manual-c-p06,evaluated_split_pages,6,manual-c-p04,0.504730148196
mock_visual,manual-c-p06-q01,layout,manual-c-p06,evaluated_split_pages,7,manual-c-p01,0.49345670815
mock_visual,manual-c-p06-q01,layout,manual-c-p06,evaluated_split_pages,8,manual-c-p08,0.492091136674
mock_visual,manual-c-p06-q02,figure,manual-c-p06,evaluated_split_pages,1,manual-c-p06,0.592048127378
mock_visual,manual-c-p06-q02,figure,manual-c-p06,evaluated_split_pages,2,manual-c-p03,0.576077194651
mock_visual,manual-c-p06-q02,figure,manual-c-p06,evaluated_split_pages,3,manual-c-p04,0.564410660626
mock_visual,manual-c-p06-q02,figure,manual-c-p06,evaluated_split_pages,4,manual-c-p02,0.536391813261
mock_visual,manual-c-p06-q02,figure,manual-c-p06,evaluated_split_pages,5,manual-c-p05,0.531747006905
mock_visual,manual-c-p06-q02,figure,manual-c-p06,evaluated_split_pages,6,manual-c-p08,0.530018709116
mock_visual,manual-c-p06-q02,figure,manual-c-p06,evaluated_split_pages,7,manual-c-p01,0.521212702031
mock_visual,manual-c-p06-q02,figure,manual-c-p06,evaluated_split_pages,8,manual-c-p07,0.477975668673
mock_visual,manual-c-p06-q03,text,manual-c-p06,evaluated_split_pages,1,manual-c-p06,0.564187405866
mock_visual,manual-c-p06-q03,text,manual-c-p06,evaluated_split_pages,2,manual-c-p02,0.547930659932
mock_visual,manual-c-p06-q03,text,manual-c-p06,evaluated_split_pages,3,manual-c-p07,0.538878814942
mock_visual,manual-c-p06-q03,text,manual-c-p06,evaluated_split_pages,4,manual-c-p01,0.526989746807
mock_visual,manual-c-p06-q03,text,manual-c-p06,evaluated_split_pages,5,manual-c-p03,0.523895880165
mock_visual,manual-c-p06-q03,text,manual-c-p06,evaluated_split_pages,6,manual-c-p08,0.523100724808
mock_visual,manual-c-p06-q03,text,manual-c-p06,evaluated_split_pages,7,manual-c-p04,0.521741870904
mock_visual,manual-c-p06-q03,text,manual-c-p06,evaluated_split_pages,8,manual-c-p05,0.512531725961
mock_visual,manual-c-p07-q01,ocr_failure,manual-c-p07,evaluated_split_pages,1,manual-c-p03,0.631152214607
mock_visual,manual-c-p07-q01,ocr_failure,manual-c-p07,evaluated_split_pages,2,manual-c-p02,0.628287075007
mock_visual,manual-c-p07-q01,ocr_failure,manual-c-p07,evaluated_split_pages,3,manual-c-p04,0.551490097863
mock_visual,manual-c-p07-q01,ocr_failure,manual-c-p07,evaluated_split_pages,4,manual-c-p06,0.540840100126
mock_visual,manual-c-p07-q01,ocr_failure,manual-c-p07,evaluated_split_pages,5,manual-c-p01,0.530141468447
mock_visual,manual-c-p07-q01,ocr_failure,manual-c-p07,evaluated_split_pages,6,manual-c-p05,0.524526768904
mock_visual,manual-c-p07-q01,ocr_failure,manual-c-p07,evaluated_split_pages,7,manual-c-p08,0.517150454681
mock_visual,manual-c-p07-q01,ocr_failure,manual-c-p07,evaluated_split_pages,8,manual-c-p07,0.507867413738
mock_visual,manual-c-p07-q02,text,manual-c-p07,evaluated_split_pages,1,manual-c-p08,0.560962847938
mock_visual,manual-c-p07-q02,text,manual-c-p07,evaluated_split_pages,2,manual-c-p03,0.553288587876
mock_visual,manual-c-p07-q02,text,manual-c-p07,evaluated_split_pages,3,manual-c-p07,0.542506556528
mock_visual,manual-c-p07-q02,text,manual-c-p07,evaluated_split_pages,4,manual-c-p06,0.542314563469
mock_visual,manual-c-p07-q02,text,manual-c-p07,evaluated_split_pages,5,manual-c-p02,0.533131276173
mock_visual,manual-c-p07-q02,text,manual-c-p07,evaluated_split_pages,6,manual-c-p01,0.52655320465
mock_visual,manual-c-p07-q02,text,manual-c-p07,evaluated_split_pages,7,manual-c-p05,0.525036798884
mock_visual,manual-c-p07-q02,text,manual-c-p07,evaluated_split_pages,8,manual-c-p04,0.522603865463
mock_visual,manual-c-p07-q03,layout,manual-c-p07,evaluated_split_pages,1,manual-c-p06,0.543383665883
mock_visual,manual-c-p07-q03,layout,manual-c-p07,evaluated_split_pages,2,manual-c-p07,0.535457479507
mock_visual,manual-c-p07-q03,layout,manual-c-p07,evaluated_split_pages,3,manual-c-p03,0.53325624851
mock_visual,manual-c-p07-q03,layout,manual-c-p07,evaluated_split_pages,4,manual-c-p08,0.522600735156
mock_visual,manual-c-p07-q03,layout,manual-c-p07,evaluated_split_pages,5,manual-c-p05,0.519208422744
mock_visual,manual-c-p07-q03,layout,manual-c-p07,evaluated_split_pages,6,manual-c-p04,0.515055160354
mock_visual,manual-c-p07-q03,layout,manual-c-p07,evaluated_split_pages,7,manual-c-p02,0.510558827889
mock_visual,manual-c-p07-q03,layout,manual-c-p07,evaluated_split_pages,8,manual-c-p01,0.510558720513
mock_visual,manual-c-p08-q01,text,manual-c-p08,evaluated_split_pages,1,manual-c-p02,0.572909189627
mock_visual,manual-c-p08-q01,text,manual-c-p08,evaluated_split_pages,2,manual-c-p06,0.568508122484
mock_visual,manual-c-p08-q01,text,manual-c-p08,evaluated_split_pages,3,manual-c-p01,0.559875194422
mock_visual,manual-c-p08-q01,text,manual-c-p08,evaluated_split_pages,4,manual-c-p03,0.54039417266
mock_visual,manual-c-p08-q01,text,manual-c-p08,evaluated_split_pages,5,manual-c-p04,0.537557553473
mock_visual,manual-c-p08-q01,text,manual-c-p08,evaluated_split_pages,6,manual-c-p08,0.535294907987
mock_visual,manual-c-p08-q01,text,manual-c-p08,evaluated_split_pages,7,manual-c-p07,0.534819184774
mock_visual,manual-c-p08-q01,text,manual-c-p08,evaluated_split_pages,8,manual-c-p05,0.520129163111
mock_visual,manual-c-p08-q02,ocr_failure,manual-c-p08,evaluated_split_pages,1,manual-c-p03,0.631152214607
mock_visual,manual-c-p08-q02,ocr_failure,manual-c-p08,evaluated_split_pages,2,manual-c-p02,0.628287075007
mock_visual,manual-c-p08-q02,ocr_failure,manual-c-p08,evaluated_split_pages,3,manual-c-p04,0.551490097863
mock_visual,manual-c-p08-q02,ocr_failure,manual-c-p08,evaluated_split_pages,4,manual-c-p06,0.540840100126
mock_visual,manual-c-p08-q02,ocr_failure,manual-c-p08,evaluated_split_pages,5,manual-c-p01,0.530141468447
mock_visual,manual-c-p08-q02,ocr_failure,manual-c-p08,evaluated_split_pages,6,manual-c-p05,0.524526768904
mock_visual,manual-c-p08-q02,ocr_failure,manual-c-p08,evaluated_split_pages,7,manual-c-p08,0.517150454681
mock_visual,manual-c-p08-q02,ocr_failure,manual-c-p08,evaluated_split_pages,8,manual-c-p07,0.507867413738
mock_visual,manual-c-p08-q03,table,manual-c-p08,evaluated_split_pages,1,manual-c-p06,0.621763902901
mock_visual,manual-c-p08-q03,table,manual-c-p08,evaluated_split_pages,2,manual-c-p01,0.604242081321
mock_visual,manual-c-p08-q03,table,manual-c-p08,evaluated_split_pages,3,manual-c-p02,0.593776086758
mock_visual,manual-c-p08-q03,table,manual-c-p08,evaluated_split_pages,4,manual-c-p03,0.593366921793
mock_visual,manual-c-p08-q03,table,manual-c-p08,evaluated_split_pages,5,manual-c-p07,0.58644324522
mock_visual,manual-c-p08-q03,table,manual-c-p08,evaluated_split_pages,6,manual-c-p05,0.560311536084
mock_visual,manual-c-p08-q03,table,manual-c-p08,evaluated_split_pages,7,manual-c-p04,0.539415446183
mock_visual,manual-c-p08-q03,table,manual-c-p08,evaluated_split_pages,8,manual-c-p08,0.535052117465
